version,dataset_version_id,window,symbol,timeframe,provider,requested_start_utc,requested_end_utc,actual_start_utc,actual_end_utc,rows,coverage_pct,gap_count,listing_boundary_detected,provider_consistent,source_file,archive_file,sha256,generated_utc,listing_probe_count,listing_boundary_source,blockers,warnings
2.1.0,33a4d1e9b197b2a1cacb,3Y,BTC/USDT,4h,kucoin,2023-07-09T12:00:00+00:00,2026-07-09T12:00:00+00:00,2023-07-09T12:00:00+00:00,2026-07-09T12:00:00+00:00,6577,100.0,0,False,True,data\multi_cycle_archive_v2\_staging\3Y\4h\BTC_USDT.csv.gz,data\multi_cycle_archive_v2\3Y\4h\BTC_USDT.csv.gz,fadc63bfe23f293161f3d268afb5d93bd0ee7850adfaf18be71be56026da0496,2026-07-13T16:59:45.698763+00:00,0,REQUEST_START_OR_PROVIDER_RESPONSE,[],[]
2.1.0,3fe6054af43047172835,3Y,ETH/USDT,4h,kucoin,2023-07-09T12:00:00+00:00,2026-07-09T12:00:00+00:00,2023-07-09T12:00:00+00:00,2026-07-09T12:00:00+00:00,6577,100.0,0,False,True,data\multi_cycle_archive_v2\_staging\3Y\4h\ETH_USDT.csv.gz,data\multi_cycle_archive_v2\3Y\4h\ETH_USDT.csv.gz,821ade33f4dbe396723c249a5db3fe5fdfe141fdef6ad7aae13a5de7bbb19da8,2026-07-13T16:59:45.854340+00:00,0,REQUEST_START_OR_PROVIDER_RESPONSE,[],[]
2.1.0,8e88b8044ae7ff14116c,3Y,SOL/USDT,4h,kucoin,2023-07-09T12:00:00+00:00,2026-07-09T12:00:00+00:00,2023-07-09T12:00:00+00:00,2026-07-09T12:00:00+00:00,6577,100.0,0,False,True,data\multi_cycle_archive_v2\_staging\3Y\4h\SOL_USDT.csv.gz,data\multi_cycle_archive_v2\3Y\4h\SOL_USDT.csv.gz,171b17dff11fbc9ef18db74d82c896635d8df9fb00a6970ce273cef59bc01335,2026-07-13T16:59:46.031597+00:00,0,REQUEST_START_OR_PROVIDER_RESPONSE,[],[]
2.1.0,adc28499a450afa0b30c,5Y,BTC/USDT,4h,kucoin,2021-07-09T12:00:00+00:00,2026-07-09T12:00:00+00:00,2021-07-09T12:00:00+00:00,2026-07-09T12:00:00+00:00,10957,100.0,0,False,True,data\multi_cycle_archive_v2\_staging\5Y\4h\BTC_USDT.csv.gz,data\multi_cycle_archive_v2\5Y\4h\BTC_USDT.csv.gz,9f0d0820cbdd3b5431a4736a22c45e9a40fbbd1d8edb270d03bc678257cf47b5,2026-07-13T17:00:21.401514+00:00,0,REQUEST_START_OR_PROVIDER_RESPONSE,[],[]
2.1.0,f478963680f80d23c5b6,5Y,ETH/USDT,4h,kucoin,2021-07-09T12:00:00+00:00,2026-07-09T12:00:00+00:00,2021-07-09T12:00:00+00:00,2026-07-09T12:00:00+00:00,10957,100.0,0,False,True,data\multi_cycle_archive_v2\_staging\5Y\4h\ETH_USDT.csv.gz,data\multi_cycle_archive_v2\5Y\4h\ETH_USDT.csv.gz,0ccbe58267847c688f49eae70f6de957616c07362ab39c6c98590c3550538870,2026-07-13T17:00:21.684746+00:00,0,REQUEST_START_OR_PROVIDER_RESPONSE,[],[]
2.1.0,de584c4d7cefe598adb5,5Y,SOL/USDT,4h,kucoin,2021-07-09T12:00:00+00:00,2026-07-09T12:00:00+00:00,2021-08-04T08:00:00+00:00,2026-07-09T12:00:00+00:00,10802,98.585,0,False,True,data\multi_cycle_archive_v2\_staging\5Y\4h\SOL_USDT.csv.gz,data\multi_cycle_archive_v2\5Y\4h\SOL_USDT.csv.gz,aa496c31932abe90503f16a45e353b568c43925e3c42b9afd54446eff8b65383,2026-07-13T17:00:21.931077+00:00,0,DISCOVERED_BY_EMPTY_RANGE_PROBING,[],['Listing boundary discovered after 0 provider probes.']
2.1.0,30de00e8ed781dd60c91,FULL,BTC/USDT,4h,kucoin,2017-01-01T00:00:00+00:00,2026-07-09T12:00:00+00:00,2017-10-18T16:00:00+00:00,2026-07-09T12:00:00+00:00,19088,91.505,18,True,True,data\multi_cycle_archive_v2\_staging\FULL\4h\BTC_USDT.csv.gz,data\multi_cycle_archive_v2\FULL\4h\BTC_USDT.csv.gz,f5bd92a6b63fb4287a8f7292ad9ac9f9349b5083f61b5ec805cda274f4f42c38,2026-07-13T17:02:38.032000+00:00,12,DISCOVERED_BY_EMPTY_RANGE_PROBING,[],"['Actual history starts at 2017-10-18T16:00:00+00:00, after requested start; this is treated as a listing/provider boundary.', 'Listing boundary discovered after 12 provider probes.']"
2.1.0,4cca275779caf06d48dc,FULL,ETH/USDT,4h,kucoin,2017-01-01T00:00:00+00:00,2026-07-09T12:00:00+00:00,2017-10-18T16:00:00+00:00,2026-07-09T12:00:00+00:00,19041,91.28,40,True,True,data\multi_cycle_archive_v2\_staging\FULL\4h\ETH_USDT.csv.gz,data\multi_cycle_archive_v2\FULL\4h\ETH_USDT.csv.gz,92891b1e09ac63cb70ea7f26162e49dfed6acee8a3c4dfae996a4664b08d0f50,2026-07-13T17:02:38.521063+00:00,12,DISCOVERED_BY_EMPTY_RANGE_PROBING,[],"['Actual history starts at 2017-10-18T16:00:00+00:00, after requested start; this is treated as a listing/provider boundary.', 'Listing boundary discovered after 12 provider probes.']"
2.1.0,5669a82f8f76e53bed83,FULL,SOL/USDT,4h,kucoin,2017-01-01T00:00:00+00:00,2026-07-09T12:00:00+00:00,2021-08-04T08:00:00+00:00,2026-07-09T12:00:00+00:00,10802,51.783,0,True,True,data\multi_cycle_archive_v2\_staging\FULL\4h\SOL_USDT.csv.gz,data\multi_cycle_archive_v2\FULL\4h\SOL_USDT.csv.gz,73a6952e0ffe886a37fd8549e58e55bab9685e538592ec8b2e20471c9e687ce7,2026-07-13T17:02:38.821812+00:00,27,DISCOVERED_BY_EMPTY_RANGE_PROBING,[],"['Actual history starts at 2021-08-04T08:00:00+00:00, after requested start; this is treated as a listing/provider boundary.', 'Listing boundary discovered after 27 provider probes.']"
