gate,family,description,verdict,live_safe,samples,rows,sample_share_pct,avg_return_pct,median_return_pct,win_rate,target_1_hit_rate,stop_hit_rate,mfe_mean_pct,mae_mean_pct,mfe_mae_ratio,best_return_pct,worst_return_pct,avg_4h_return_pct,avg_12h_return_pct,avg_24h_return_pct,research_score,warnings,filters
SYMBOL_SIDE_SCORE_GE_60_DOGEUSDT_SHORT,symbol_side_score,DOGE/USDT + SHORT + score >= 60.,SMALL_SAMPLE_POSITIVE,True,12,12,4.07,0.1571,0.2332,66.67,50.0,33.33,2.4333,-2.3617,1.03,1.5451,-1.4176,0.1571,0.0431,0.1437,0.5191,"[""مثبت است ولی sample کمتر از حداقل 30 است.""]","{""symbol_in"": [""DOGE/USDT""], ""side_in"": [""SHORT""], ""score_min"": 60}"
SYMBOL_SIDE_SCORE_GE_60_BNBUSDT_LONG,symbol_side_score,BNB/USDT + LONG + score >= 60.,SMALL_SAMPLE_POSITIVE,True,11,11,3.73,0.1679,0.0474,54.55,72.73,54.55,2.1094,-1.5351,1.374,1.9275,-0.9525,0.1679,-0.4339,0.5033,0.3891,"[""مثبت است ولی sample کمتر از حداقل 30 است.""]","{""symbol_in"": [""BNB/USDT""], ""side_in"": [""LONG""], ""score_min"": 60}"
SYMBOL_SIDE_DOGEUSDT_SHORT,symbol_side,DOGE/USDT فقط SHORT.,SMALL_SAMPLE_POSITIVE,True,25,25,8.47,0.039,0.132,56.0,52.0,32.0,2.6864,-2.2261,1.207,2.9224,-2.7253,0.039,0.0177,0.2309,0.3463,"[""مثبت است ولی sample کمتر از حداقل 30 است.""]","{""symbol_in"": [""DOGE/USDT""], ""side_in"": [""SHORT""]}"
REGIME_UNKNOWN,regime,فقط regime=UNKNOWN.,SMALL_SAMPLE_POSITIVE,True,10,10,3.39,0.0242,-0.0291,50.0,20.0,40.0,1.5277,-2.2235,0.687,1.0741,-0.9495,0.0242,-0.0035,-1.4731,-0.2173,"[""مثبت است ولی sample کمتر از حداقل 30 است."", ""Stop rate از Target hit بیشتر است؛ ریسک بالاست.""]","{""regime_in"": [""UNKNOWN""]}"
REGIME_SIDEWAYS,regime,فقط regime=SIDEWAYS.,SMALL_SAMPLE_POSITIVE,True,10,10,3.39,0.0185,-0.6956,30.0,50.0,60.0,2.0087,-2.2926,0.876,4.8272,-1.7382,0.0185,-0.8235,-0.5985,-0.4017,"[""مثبت است ولی sample کمتر از حداقل 30 است."", ""Stop rate از Target hit بیشتر است؛ ریسک بالاست.""]","{""regime_in"": [""SIDEWAYS""]}"
SYMBOL_SIDE_BNBUSDT_LONG,symbol_side,BNB/USDT فقط LONG.,NEAR_BREAKEVEN_WATCH,True,30,30,10.17,-0.0022,0.0104,50.0,56.67,50.0,1.6431,-1.6906,0.972,1.9275,-1.051,-0.0022,-0.3255,-0.0784,0.0617,"[""تقریباً نزدیک صفر است؛ شاید با خروج/stop بهتر قابل تحقیق باشد.""]","{""symbol_in"": [""BNB/USDT""], ""side_in"": [""LONG""]}"
SYMBOL_WATCH_OR_ACTIONABLE_BNBUSDT,symbol_actionability,BNB/USDT + WATCHLIST/ACTIONABLE.,NEAR_BREAKEVEN_WATCH,True,36,36,12.2,-0.0496,0.0493,52.78,52.78,52.78,1.7171,-1.7145,1.001,1.9275,-1.6571,-0.0496,-0.257,-0.063,-0.0078,"[""تقریباً نزدیک صفر است؛ شاید با خروج/stop بهتر قابل تحقیق باشد.""]","{""symbol_in"": [""BNB/USDT""], ""actionability_in"": [""WATCHLIST"", ""ACTIONABLE"", ""HIGH_ACTIONABILITY""]}"
SYMBOL_BNBUSDT,symbol,فقط نماد BNB/USDT.,NEAR_BREAKEVEN_WATCH,True,50,50,16.95,-0.0871,0.0364,52.0,50.0,48.0,1.6255,-1.7328,0.938,1.9275,-1.6571,-0.0871,-0.2894,-0.161,-0.0433,"[""تقریباً نزدیک صفر است؛ شاید با خروج/stop بهتر قابل تحقیق باشد.""]","{""symbol_in"": [""BNB/USDT""]}"
SYMBOL_DOGEUSDT,symbol,فقط نماد DOGE/USDT.,NEAR_BREAKEVEN_WATCH,True,48,48,16.27,-0.0738,-0.052,43.75,50.0,41.67,2.555,-2.4261,1.053,2.9224,-2.7253,-0.0738,-0.2218,-0.1383,-0.079,"[""تقریباً نزدیک صفر است؛ شاید با خروج/stop بهتر قابل تحقیق باشد.""]","{""symbol_in"": [""DOGE/USDT""]}"
SYMBOL_WATCH_OR_ACTIONABLE_DOGEUSDT,symbol_actionability,DOGE/USDT + WATCHLIST/ACTIONABLE.,NEAR_BREAKEVEN_WATCH,True,38,38,12.88,-0.0975,-0.052,42.11,50.0,42.11,2.6617,-2.4716,1.077,2.894,-2.7253,-0.0975,-0.2033,-0.159,-0.1293,"[""تقریباً نزدیک صفر است؛ شاید با خروج/stop بهتر قابل تحقیق باشد.""]","{""symbol_in"": [""DOGE/USDT""], ""actionability_in"": [""WATCHLIST"", ""ACTIONABLE"", ""HIGH_ACTIONABILITY""]}"
REGIME_TRENDING_BEAR,regime,فقط regime=TRENDING_BEAR.,REJECT_NEGATIVE_EDGE,True,138,138,46.78,-0.136,-0.049,43.48,50.0,44.2,2.1768,-2.2881,0.951,2.9224,-2.9327,-0.136,-0.329,-0.1894,-0.1807,"[""میانگین بازده منفی است.""]","{""regime_in"": [""TRENDING_BEAR""]}"
WATCH_OR_ACTIONABLE_SHORT,actionability_side,WATCHLIST/ACTIONABLE فقط سمت SHORT.,REJECT_NEGATIVE_EDGE,True,105,105,35.59,-0.1452,-0.0393,43.81,52.38,49.52,2.3087,-2.3579,0.979,2.7268,-2.9327,-0.1452,-0.3512,-0.1634,-0.2115,"[""میانگین بازده منفی است.""]","{""side_in"": [""SHORT""], ""actionability_in"": [""WATCHLIST"", ""ACTIONABLE"", ""HIGH_ACTIONABILITY""]}"
SHORT_ONLY,side,فقط معاملات SHORT.,REJECT_NEGATIVE_EDGE,True,145,145,49.15,-0.1484,-0.0531,42.76,48.97,44.83,2.13,-2.3363,0.912,2.9224,-2.9327,-0.1484,-0.3885,-0.2744,-0.2244,"[""میانگین بازده منفی است.""]","{""side_in"": [""SHORT""]}"
SCORE_GE_50_SHORT,score_side,score >= 50 + SHORT.,REJECT_NEGATIVE_EDGE,True,145,145,49.15,-0.1484,-0.0531,42.76,48.97,44.83,2.13,-2.3363,0.912,2.9224,-2.9327,-0.1484,-0.3885,-0.2744,-0.2244,"[""میانگین بازده منفی است.""]","{""score_min"": 50, ""side_in"": [""SHORT""]}"
SHORT_SCORE_GE_50,component,short_score >= 50.,REJECT_NEGATIVE_EDGE,True,145,145,49.15,-0.1484,-0.0531,42.76,48.97,44.83,2.13,-2.3363,0.912,2.9224,-2.9327,-0.1484,-0.3885,-0.2744,-0.2244,"[""میانگین بازده منفی است.""]","{""short_score_min"": 50}"
SCORE_BUCKET_50_59,score_bucket,score 50-59,REJECT_NEGATIVE_EDGE,True,141,141,47.8,-0.1436,-0.0985,41.13,47.52,44.68,1.9169,-2.1737,0.882,4.8272,-2.9412,-0.1436,-0.3258,-0.3696,-0.26,"[""میانگین بازده منفی است.""]","{""score_min"": 50, ""score_max"": 59}"
CONFIDENCE_MEDIUM,confidence,فقط confidence=Medium.,REJECT_NEGATIVE_EDGE,True,158,158,53.56,-0.1013,-0.1148,38.61,50.0,49.37,2.1397,-2.193,0.976,4.8272,-2.7253,-0.1013,-0.2894,-0.2024,-0.2682,"[""میانگین بازده منفی است.""]","{""confidence_in"": [""Medium""]}"
WATCHLIST_ONLY,actionability,فقط WATCHLIST برای مقایسه با ACTIONABLE.,REJECT_NEGATIVE_EDGE,True,176,176,59.66,-0.1222,-0.1287,38.07,51.14,48.3,2.0962,-2.2095,0.949,4.8272,-2.9327,-0.1222,-0.3353,-0.2406,-0.2778,"[""میانگین بازده منفی است.""]","{""actionability_in"": [""WATCHLIST""]}"
SYMBOL_WATCH_OR_ACTIONABLE_ETHUSDT,symbol_actionability,ETH/USDT + WATCHLIST/ACTIONABLE.,REJECT_NEGATIVE_EDGE,True,36,36,12.2,-0.1389,-0.1428,36.11,55.56,47.22,2.0406,-2.4071,0.848,2.7268,-2.3399,-0.1389,-0.3343,-0.3211,-0.279,"[""میانگین بازده منفی است.""]","{""symbol_in"": [""ETH/USDT""], ""actionability_in"": [""WATCHLIST"", ""ACTIONABLE"", ""HIGH_ACTIONABILITY""]}"
HISTORICAL_EDGE_SCORE_GE_1,component,historical_edge_score >= 1.,REJECT_NEGATIVE_EDGE,True,40,40,13.56,-0.1534,-0.2067,32.5,47.5,35.0,1.6298,-1.5296,1.066,2.0053,-1.8426,-0.1534,-0.1345,0.1026,-0.2843,"[""میانگین بازده منفی است.""]","{""historical_edge_score_min"": 1}"
RISK_LOW,risk,فقط risk_label=Low.,REJECT_NEGATIVE_EDGE,True,211,211,71.53,-0.0898,-0.1181,40.28,45.97,49.29,1.8012,-2.1829,0.825,4.8272,-2.6468,-0.0898,-0.3507,-0.4105,-0.2863,"[""میانگین بازده منفی است.""]","{""risk_in"": [""Low""]}"
SCORE_GE_60_SHORT,score_side,score >= 60 + SHORT.,REJECT_NEGATIVE_EDGE,True,71,71,24.07,-0.1622,-0.0241,42.25,49.3,50.7,2.1773,-2.3463,0.928,2.7268,-2.9327,-0.1622,-0.3689,-0.1656,-0.2997,"[""میانگین بازده منفی است.""]","{""score_min"": 60, ""side_in"": [""SHORT""]}"
SHORT_SCORE_GE_60,component,short_score >= 60.,REJECT_NEGATIVE_EDGE,True,71,71,24.07,-0.1622,-0.0241,42.25,49.3,50.7,2.1773,-2.3463,0.928,2.7268,-2.9327,-0.1622,-0.3689,-0.1656,-0.2997,"[""میانگین بازده منفی است.""]","{""short_score_min"": 60}"
NOT_ACTIONABLE_ONLY,actionability,NOT_ACTIONABLE فقط برای کنترل منفی؛ معمولاً نباید candidate شود.,REJECT_NEGATIVE_EDGE,True,73,73,24.75,-0.1944,-0.1085,41.1,42.47,38.36,1.5825,-2.111,0.75,2.9224,-2.9412,-0.1944,-0.4442,-0.3441,-0.3118,"[""میانگین بازده منفی است.""]","{""actionability_in"": [""NOT_ACTIONABLE""]}"
CONFIDENCE_LOW,confidence,فقط confidence=Low.,REJECT_NEGATIVE_EDGE,True,73,73,24.75,-0.1944,-0.1085,41.1,42.47,38.36,1.5825,-2.111,0.75,2.9224,-2.9412,-0.1944,-0.4442,-0.3441,-0.3118,"[""میانگین بازده منفی است.""]","{""confidence_in"": [""Low""]}"
SYMBOL_ETHUSDT,symbol,فقط نماد ETH/USDT.,REJECT_NEGATIVE_EDGE,True,48,48,16.27,-0.1386,-0.1137,35.42,50.0,43.75,1.8564,-2.3447,0.792,2.7268,-2.3399,-0.1386,-0.3927,-0.3824,-0.3156,"[""میانگین بازده منفی است.""]","{""symbol_in"": [""ETH/USDT""]}"
SCORE_BUCKET_60_69,score_bucket,score 60-69,REJECT_NEGATIVE_EDGE,True,90,90,30.51,-0.1105,-0.1585,36.67,47.78,47.78,2.0368,-2.1567,0.944,2.894,-2.6468,-0.1105,-0.3578,-0.0554,-0.316,"[""میانگین بازده منفی است.""]","{""score_min"": 60, ""score_max"": 69}"
VOLUME_SCORE_GE_10,component,volume_score >= 10.,REJECT_NEGATIVE_EDGE,True,34,34,11.53,-0.2745,-0.5034,23.53,76.47,44.12,2.7339,-2.0804,1.314,4.8272,-2.9327,-0.2745,-0.3442,0.7131,-0.3166,"[""میانگین بازده منفی است.""]","{""volume_score_min"": 10}"
MOMENTUM_SCORE_GE_15,component,momentum_score >= 15.,REJECT_NEGATIVE_EDGE,True,289,289,97.97,-0.1827,-0.1675,37.02,48.44,47.06,1.9509,-2.2088,0.883,4.8272,-2.9412,-0.1827,-0.3849,-0.2463,-0.3753,"[""میانگین بازده منفی است.""]","{""momentum_score_min"": 15}"
TREND_SCORE_GE_10,component,trend_score >= 10.,REJECT_NEGATIVE_EDGE,True,293,293,99.32,-0.1815,-0.1675,37.2,48.12,47.1,1.9213,-2.1882,0.878,4.8272,-2.9412,-0.1815,-0.3873,-0.2382,-0.3755,"[""میانگین بازده منفی است.""]","{""trend_score_min"": 10}"
BASELINE_DIRECTIONAL,baseline,تمام تصمیم‌های جهت‌دار کامل؛ فقط برای مقایسه.,REJECT_NEGATIVE_EDGE,True,295,295,100.0,-0.1851,-0.1713,36.95,48.14,47.12,1.9292,-2.2058,0.875,4.8272,-2.9412,-0.1851,-0.3947,-0.2509,-0.3831,"[""میانگین بازده منفی است.""]",{}
SCORE_GE_50,score,score >= 50,REJECT_NEGATIVE_EDGE,True,295,295,100.0,-0.1851,-0.1713,36.95,48.14,47.12,1.9292,-2.2058,0.875,4.8272,-2.9412,-0.1851,-0.3947,-0.2509,-0.3831,"[""میانگین بازده منفی است.""]","{""score_min"": 50}"
TREND_SCORE_GE_5,component,trend_score >= 5.,REJECT_NEGATIVE_EDGE,True,295,295,100.0,-0.1851,-0.1713,36.95,48.14,47.12,1.9292,-2.2058,0.875,4.8272,-2.9412,-0.1851,-0.3947,-0.2509,-0.3831,"[""میانگین بازده منفی است.""]","{""trend_score_min"": 5}"
MOMENTUM_SCORE_GE_5,component,momentum_score >= 5.,REJECT_NEGATIVE_EDGE,True,295,295,100.0,-0.1851,-0.1713,36.95,48.14,47.12,1.9292,-2.2058,0.875,4.8272,-2.9412,-0.1851,-0.3947,-0.2509,-0.3831,"[""میانگین بازده منفی است.""]","{""momentum_score_min"": 5}"
MOMENTUM_SCORE_GE_10,component,momentum_score >= 10.,REJECT_NEGATIVE_EDGE,True,295,295,100.0,-0.1851,-0.1713,36.95,48.14,47.12,1.9292,-2.2058,0.875,4.8272,-2.9412,-0.1851,-0.3947,-0.2509,-0.3831,"[""میانگین بازده منفی است.""]","{""momentum_score_min"": 10}"
TREND_SCORE_GE_15,component,trend_score >= 15.,REJECT_NEGATIVE_EDGE,True,292,292,98.98,-0.1867,-0.1694,36.99,47.95,47.26,1.9192,-2.1949,0.874,4.8272,-2.9412,-0.1867,-0.3926,-0.2451,-0.3875,"[""میانگین بازده منفی است.""]","{""trend_score_min"": 15}"
SYMBOL_BTCUSDT,symbol,فقط نماد BTC/USDT.,REJECT_NEGATIVE_EDGE,True,55,55,18.64,-0.1049,-0.1653,34.55,41.82,45.45,1.4701,-1.7444,0.843,2.0053,-1.8426,-0.1049,-0.2773,-0.2711,-0.3886,"[""میانگین بازده منفی است.""]","{""symbol_in"": [""BTC/USDT""]}"
SYMBOL_SIDE_BTCUSDT_LONG,symbol_side,BTC/USDT فقط LONG.,REJECT_NEGATIVE_EDGE,True,36,36,12.2,-0.1184,-0.2423,30.56,44.44,41.67,1.2707,-1.5117,0.841,1.4814,-1.3798,-0.1184,-0.1173,-0.1739,-0.3982,"[""میانگین بازده منفی است.""]","{""symbol_in"": [""BTC/USDT""], ""side_in"": [""LONG""]}"
WATCHLIST_OR_ACTIONABLE,actionability,WATCHLIST یا ACTIONABLE؛ گیت نیمه‌محافظه‌کار.,REJECT_NEGATIVE_EDGE,True,222,222,75.25,-0.1821,-0.1864,35.59,50.0,50.0,2.0431,-2.237,0.913,4.8272,-2.9327,-0.1821,-0.3785,-0.2203,-0.4069,"[""میانگین بازده منفی است.""]","{""actionability_in"": [""WATCHLIST"", ""ACTIONABLE"", ""HIGH_ACTIONABILITY""]}"
STRUCTURE_SCORE_GE_5,component,structure_score >= 5.,REJECT_NEGATIVE_EDGE,True,240,240,81.36,-0.2236,-0.1762,35.0,48.75,46.67,1.9543,-2.1468,0.91,2.9224,-2.9412,-0.2236,-0.4106,-0.1027,-0.4368,"[""میانگین بازده منفی است.""]","{""structure_score_min"": 5}"
HISTORICAL_EDGE_SCORE_GE_5,component,historical_edge_score >= 5.,REJECT_NEGATIVE_EDGE,True,30,30,10.17,-0.1585,-0.2067,30.0,40.0,36.67,1.2445,-1.5062,0.826,1.4814,-1.3798,-0.1585,-0.1361,-0.1957,-0.4426,"[""میانگین بازده منفی است.""]","{""historical_edge_score_min"": 5}"
SYMBOL_WATCH_OR_ACTIONABLE_SOLUSDT,symbol_actionability,SOL/USDT + WATCHLIST/ACTIONABLE.,REJECT_NEGATIVE_EDGE,True,40,40,13.56,-0.2253,-0.1827,35.0,52.5,52.5,2.3949,-2.5927,0.924,4.8272,-2.9327,-0.2253,-0.5163,-0.1278,-0.4579,"[""میانگین بازده منفی است.""]","{""symbol_in"": [""SOL/USDT""], ""actionability_in"": [""WATCHLIST"", ""ACTIONABLE"", ""HIGH_ACTIONABILITY""]}"
RISK_MEDIUM,risk,فقط risk_label=Medium.,REJECT_NEGATIVE_EDGE,True,76,76,25.76,-0.32,-0.2599,31.58,53.95,42.11,2.201,-2.1233,1.037,2.7268,-2.9327,-0.32,-0.3908,0.2106,-0.4742,"[""میانگین بازده منفی است.""]","{""risk_in"": [""Medium""]}"
SCORE_GE_60,score,score >= 60,REJECT_NEGATIVE_EDGE,True,154,154,52.2,-0.2232,-0.2459,33.12,48.7,49.35,1.9403,-2.2353,0.868,2.894,-2.9327,-0.2232,-0.4578,-0.1423,-0.4961,"[""میانگین بازده منفی است.""]","{""score_min"": 60}"
VOLUME_SCORE_GE_5,component,volume_score >= 5.,REJECT_NEGATIVE_EDGE,True,142,142,48.14,-0.2848,-0.2803,32.39,50.7,47.18,2.1814,-2.4578,0.888,4.8272,-2.9412,-0.2848,-0.5666,-0.1907,-0.525,"[""میانگین بازده منفی است.""]","{""volume_score_min"": 5}"
LONG_ONLY,side,فقط معاملات LONG.,REJECT_NEGATIVE_EDGE,True,150,150,50.85,-0.2207,-0.2492,31.33,47.33,49.33,1.735,-2.0798,0.834,4.8272,-2.9412,-0.2207,-0.4008,-0.2283,-0.5373,"[""میانگین بازده منفی است.""]","{""side_in"": [""LONG""]}"
SCORE_GE_50_LONG,score_side,score >= 50 + LONG.,REJECT_NEGATIVE_EDGE,True,150,150,50.85,-0.2207,-0.2492,31.33,47.33,49.33,1.735,-2.0798,0.834,4.8272,-2.9412,-0.2207,-0.4008,-0.2283,-0.5373,"[""میانگین بازده منفی است.""]","{""score_min"": 50, ""side_in"": [""LONG""]}"
LONG_SCORE_GE_50,component,long_score >= 50.,REJECT_NEGATIVE_EDGE,True,150,150,50.85,-0.2207,-0.2492,31.33,47.33,49.33,1.735,-2.0798,0.834,4.8272,-2.9412,-0.2207,-0.4008,-0.2283,-0.5373,"[""میانگین بازده منفی است.""]","{""long_score_min"": 50}"
WATCH_OR_ACTIONABLE_LONG,actionability_side,WATCHLIST/ACTIONABLE فقط سمت LONG.,REJECT_NEGATIVE_EDGE,True,117,117,39.66,-0.2152,-0.2628,28.21,47.86,50.43,1.8048,-2.1285,0.848,4.8272,-2.6468,-0.2152,-0.403,-0.2713,-0.5829,"[""میانگین بازده منفی است.""]","{""side_in"": [""LONG""], ""actionability_in"": [""WATCHLIST"", ""ACTIONABLE"", ""HIGH_ACTIONABILITY""]}"
SYMBOL_WATCH_OR_ACTIONABLE_BTCUSDT,symbol_actionability,BTC/USDT + WATCHLIST/ACTIONABLE.,REJECT_NEGATIVE_EDGE,True,40,40,13.56,-0.1759,-0.256,27.5,42.5,50.0,1.5604,-1.8953,0.823,2.0053,-1.8426,-0.1759,-0.3657,-0.3534,-0.6061,"[""میانگین بازده منفی است.""]","{""symbol_in"": [""BTC/USDT""], ""actionability_in"": [""WATCHLIST"", ""ACTIONABLE"", ""HIGH_ACTIONABILITY""]}"
REGIME_TRENDING_BULL,regime,فقط regime=TRENDING_BULL.,REJECT_NEGATIVE_EDGE,True,136,136,46.1,-0.2681,-0.2547,29.41,48.53,50.0,1.7052,-2.1211,0.804,2.894,-2.9412,-0.2681,-0.4559,-0.1985,-0.6112,"[""میانگین بازده منفی است.""]","{""regime_in"": [""TRENDING_BULL""]}"
STRUCTURE_SCORE_GE_10,component,structure_score >= 10.,REJECT_NEGATIVE_EDGE,True,86,86,29.15,-0.3977,-0.3906,27.91,53.49,44.19,2.0978,-2.1147,0.992,2.7268,-2.9327,-0.3977,-0.524,0.266,-0.6368,"[""میانگین بازده منفی است.""]","{""structure_score_min"": 10}"
SCORE_GE_60_LONG,score_side,score >= 60 + LONG.,REJECT_NEGATIVE_EDGE,True,83,83,28.14,-0.2753,-0.2718,25.3,48.19,48.19,1.7376,-2.1403,0.812,2.894,-2.6468,-0.2753,-0.5339,-0.1223,-0.6646,"[""میانگین بازده منفی است.""]","{""score_min"": 60, ""side_in"": [""LONG""]}"
LONG_SCORE_GE_60,component,long_score >= 60.,REJECT_NEGATIVE_EDGE,True,83,83,28.14,-0.2753,-0.2718,25.3,48.19,48.19,1.7376,-2.1403,0.812,2.894,-2.6468,-0.2753,-0.5339,-0.1223,-0.6646,"[""میانگین بازده منفی است.""]","{""long_score_min"": 60}"
SYMBOL_SOLUSDT,symbol,فقط نماد SOL/USDT.,REJECT_NEGATIVE_EDGE,True,53,53,17.97,-0.325,-0.3153,30.19,47.17,52.83,2.2285,-2.7729,0.804,4.8272,-2.9327,-0.325,-0.63,-0.3751,-0.6983,"[""میانگین بازده منفی است.""]","{""symbol_in"": [""SOL/USDT""]}"
SCORE_GE_70_LONG,score_side,score >= 70 + LONG.,REJECT_NEGATIVE_EDGE,True,43,43,14.58,-0.3187,-0.2718,25.58,51.16,53.49,1.6671,-2.3532,0.708,1.9275,-1.7141,-0.3187,-0.6747,-0.2758,-0.7375,"[""میانگین بازده منفی است.""]","{""score_min"": 70, ""side_in"": [""LONG""]}"
LONG_SCORE_GE_70,component,long_score >= 70.,REJECT_NEGATIVE_EDGE,True,43,43,14.58,-0.3187,-0.2718,25.58,51.16,53.49,1.6671,-2.3532,0.708,1.9275,-1.7141,-0.3187,-0.6747,-0.2758,-0.7375,"[""میانگین بازده منفی است.""]","{""long_score_min"": 70}"
SCORE_GE_70,score,score >= 70,REJECT_NEGATIVE_EDGE,True,64,64,21.69,-0.3816,-0.3474,28.12,50.0,51.56,1.8048,-2.3458,0.769,1.9275,-2.9327,-0.3816,-0.5984,-0.2644,-0.7485,"[""میانگین بازده منفی است.""]","{""score_min"": 70}"
CONFIDENCE_MEDIUM-HIGH,confidence,فقط confidence=Medium-High.,REJECT_NEGATIVE_EDGE,True,57,57,19.32,-0.4108,-0.3756,28.07,50.88,50.88,1.8206,-2.3836,0.764,1.9275,-2.9327,-0.4108,-0.652,-0.3086,-0.7633,"[""میانگین بازده منفی است.""]","{""confidence_in"": [""Medium-High""]}"
SYMBOL_XRPUSDT,symbol,فقط نماد XRP/USDT.,REJECT_NEGATIVE_EDGE,True,41,41,13.9,-0.4162,-0.4399,24.39,51.22,51.22,1.8807,-2.2483,0.836,1.7921,-2.9412,-0.4162,-0.5814,-0.151,-0.8167,"[""میانگین بازده منفی است.""]","{""symbol_in"": [""XRP/USDT""]}"
SCORE_BUCKET_70_79,score_bucket,score 70-79,REJECT_NEGATIVE_EDGE,True,44,44,14.92,-0.4371,-0.3906,29.55,45.45,52.27,1.7045,-2.4927,0.684,1.4814,-2.9327,-0.4371,-0.6422,-0.5572,-0.8436,"[""میانگین بازده منفی است.""]","{""score_min"": 70, ""score_max"": 79}"
ACTIONABLE_ONLY,actionability,فقط تصمیم‌هایی که موتور ACTIONABLE کرده است.,REJECT_NEGATIVE_EDGE,True,46,46,15.59,-0.4113,-0.4584,26.09,45.65,56.52,1.8402,-2.3423,0.786,1.9275,-1.7141,-0.4113,-0.5436,-0.1425,-0.9,"[""میانگین بازده منفی است.""]","{""actionability_in"": [""ACTIONABLE"", ""HIGH_ACTIONABILITY""]}"
ACTIONABLE_SCORE_GE_50,actionability_score,ACTIONABLE + score >= 50.,REJECT_NEGATIVE_EDGE,True,46,46,15.59,-0.4113,-0.4584,26.09,45.65,56.52,1.8402,-2.3423,0.786,1.9275,-1.7141,-0.4113,-0.5436,-0.1425,-0.9,"[""میانگین بازده منفی است.""]","{""actionability_in"": [""ACTIONABLE"", ""HIGH_ACTIONABILITY""], ""score_min"": 50}"
ACTIONABLE_SCORE_GE_60,actionability_score,ACTIONABLE + score >= 60.,REJECT_NEGATIVE_EDGE,True,46,46,15.59,-0.4113,-0.4584,26.09,45.65,56.52,1.8402,-2.3423,0.786,1.9275,-1.7141,-0.4113,-0.5436,-0.1425,-0.9,"[""میانگین بازده منفی است.""]","{""actionability_in"": [""ACTIONABLE"", ""HIGH_ACTIONABILITY""], ""score_min"": 60}"
ACTIONABLE_SCORE_GE_70,actionability_score,ACTIONABLE + score >= 70.,REJECT_NEGATIVE_EDGE,True,46,46,15.59,-0.4113,-0.4584,26.09,45.65,56.52,1.8402,-2.3423,0.786,1.9275,-1.7141,-0.4113,-0.5436,-0.1425,-0.9,"[""میانگین بازده منفی است.""]","{""actionability_in"": [""ACTIONABLE"", ""HIGH_ACTIONABILITY""], ""score_min"": 70}"
QUALITY_CORE_SCORE60_ACTIONABLE,composite,ACTIONABLE + score>=60 + risk not High.,REJECT_NEGATIVE_EDGE,True,46,46,15.59,-0.4113,-0.4584,26.09,45.65,56.52,1.8402,-2.3423,0.786,1.9275,-1.7141,-0.4113,-0.5436,-0.1425,-0.9,"[""میانگین بازده منفی است.""]","{""actionability_in"": [""ACTIONABLE"", ""HIGH_ACTIONABILITY""], ""score_min"": 60, ""risk_not_in"": [""High"", ""VERY_HIGH"", ""High Risk""]}"
SYMBOL_WATCH_OR_ACTIONABLE_XRPUSDT,symbol_actionability,XRP/USDT + WATCHLIST/ACTIONABLE.,REJECT_NEGATIVE_EDGE,True,32,32,10.85,-0.4339,-0.4759,18.75,46.88,56.25,1.8419,-2.3376,0.788,1.7329,-2.0103,-0.4339,-0.6165,-0.3059,-1.0175,"[""میانگین بازده منفی است.""]","{""symbol_in"": [""XRP/USDT""], ""actionability_in"": [""WATCHLIST"", ""ACTIONABLE"", ""HIGH_ACTIONABILITY""]}"
ACTIONABLE_LONG,actionability_side,ACTIONABLE فقط سمت LONG.,REJECT_NEGATIVE_EDGE,True,30,30,10.17,-0.4473,-0.4894,20.0,50.0,60.0,1.8006,-2.4222,0.743,1.9275,-1.7141,-0.4473,-0.7613,-0.0682,-1.023,"[""میانگین بازده منفی است.""]","{""side_in"": [""LONG""], ""actionability_in"": [""ACTIONABLE"", ""HIGH_ACTIONABILITY""]}"
ACTIONABLE_SCORE_GE_50_LONG,actionability_score_side,ACTIONABLE + score >= 50 + LONG.,REJECT_NEGATIVE_EDGE,True,30,30,10.17,-0.4473,-0.4894,20.0,50.0,60.0,1.8006,-2.4222,0.743,1.9275,-1.7141,-0.4473,-0.7613,-0.0682,-1.023,"[""میانگین بازده منفی است.""]","{""actionability_in"": [""ACTIONABLE"", ""HIGH_ACTIONABILITY""], ""score_min"": 50, ""side_in"": [""LONG""]}"
ACTIONABLE_SCORE_GE_60_LONG,actionability_score_side,ACTIONABLE + score >= 60 + LONG.,REJECT_NEGATIVE_EDGE,True,30,30,10.17,-0.4473,-0.4894,20.0,50.0,60.0,1.8006,-2.4222,0.743,1.9275,-1.7141,-0.4473,-0.7613,-0.0682,-1.023,"[""میانگین بازده منفی است.""]","{""actionability_in"": [""ACTIONABLE"", ""HIGH_ACTIONABILITY""], ""score_min"": 60, ""side_in"": [""LONG""]}"
ACTIONABLE_SCORE_GE_70_LONG,actionability_score_side,ACTIONABLE + score >= 70 + LONG.,REJECT_NEGATIVE_EDGE,True,30,30,10.17,-0.4473,-0.4894,20.0,50.0,60.0,1.8006,-2.4222,0.743,1.9275,-1.7141,-0.4473,-0.7613,-0.0682,-1.023,"[""میانگین بازده منفی است.""]","{""actionability_in"": [""ACTIONABLE"", ""HIGH_ACTIONABILITY""], ""score_min"": 70, ""side_in"": [""LONG""]}"
LONG_SCORE60_ACTIONABLE,composite,LONG + ACTIONABLE + score>=60.,REJECT_NEGATIVE_EDGE,True,30,30,10.17,-0.4473,-0.4894,20.0,50.0,60.0,1.8006,-2.4222,0.743,1.9275,-1.7141,-0.4473,-0.7613,-0.0682,-1.023,"[""میانگین بازده منفی است.""]","{""side_in"": [""LONG""], ""actionability_in"": [""ACTIONABLE"", ""HIGH_ACTIONABILITY""], ""score_min"": 60}"
SYMBOL_SIDE_SCORE_GE_60_BNBUSDT_SHORT,symbol_side_score,BNB/USDT + SHORT + score >= 60.,REJECT_INSUFFICIENT_SAMPLE,True,11,11,3.73,-0.1935,0.0511,54.55,45.45,54.55,1.9282,-1.7658,1.092,0.3837,-1.6571,-0.1935,-0.0022,0.0706,-0.1307,"[""sample کمتر از حداقل 30 است.""]","{""symbol_in"": [""BNB/USDT""], ""side_in"": [""SHORT""], ""score_min"": 60}"
SYMBOL_SIDE_SCORE_GE_60_SOLUSDT_SHORT,symbol_side_score,SOL/USDT + SHORT + score >= 60.,REJECT_INSUFFICIENT_SAMPLE,True,13,13,4.41,-0.1319,-0.0241,46.15,53.85,53.85,2.5528,-2.6822,0.952,1.7755,-2.9327,-0.1319,-0.4391,-0.0705,-0.1494,"[""sample کمتر از حداقل 30 است.""]","{""symbol_in"": [""SOL/USDT""], ""side_in"": [""SHORT""], ""score_min"": 60}"
SYMBOL_SIDE_BNBUSDT_SHORT,symbol_side,BNB/USDT فقط SHORT.,REJECT_INSUFFICIENT_SAMPLE,True,20,20,6.78,-0.2145,0.0382,55.0,40.0,45.0,1.5992,-1.7962,0.89,0.6813,-1.6571,-0.2145,-0.2353,-0.285,-0.1611,"[""sample کمتر از حداقل 30 است.""]","{""symbol_in"": [""BNB/USDT""], ""side_in"": [""SHORT""]}"
SYMBOL_SIDE_ETHUSDT_SHORT,symbol_side,ETH/USDT فقط SHORT.,REJECT_INSUFFICIENT_SAMPLE,True,28,28,9.49,-0.0507,-0.0993,35.71,50.0,39.29,2.007,-2.3344,0.86,2.7268,-2.3399,-0.0507,-0.3058,-0.4317,-0.1702,"[""sample کمتر از حداقل 30 است.""]","{""symbol_in"": [""ETH/USDT""], ""side_in"": [""SHORT""]}"
SYMBOL_SIDE_SCORE_GE_60_DOGEUSDT_LONG,symbol_side_score,DOGE/USDT + LONG + score >= 60.,REJECT_INSUFFICIENT_SAMPLE,True,15,15,5.08,-0.0916,-0.2331,40.0,46.67,46.67,2.1405,-2.5641,0.835,2.894,-1.7141,-0.0916,-0.5257,-0.5703,-0.2313,"[""sample کمتر از حداقل 30 است.""]","{""symbol_in"": [""DOGE/USDT""], ""side_in"": [""LONG""], ""score_min"": 60}"
SYMBOL_SIDE_SCORE_GE_60_ETHUSDT_SHORT,symbol_side_score,ETH/USDT + SHORT + score >= 60.,REJECT_INSUFFICIENT_SAMPLE,True,11,11,3.73,-0.0079,-0.0895,36.36,45.45,54.55,2.358,-2.6642,0.885,2.7268,-2.3399,-0.0079,-0.4457,-0.2758,-0.3119,"[""sample کمتر از حداقل 30 است.""]","{""symbol_in"": [""ETH/USDT""], ""side_in"": [""SHORT""], ""score_min"": 60}"
SYMBOL_SIDE_BTCUSDT_SHORT,symbol_side,BTC/USDT فقط SHORT.,REJECT_INSUFFICIENT_SAMPLE,True,19,19,6.44,-0.0794,-0.0173,42.11,36.84,52.63,1.8481,-2.1853,0.846,2.0053,-1.8426,-0.0794,-0.5804,-0.4553,-0.3548,"[""sample کمتر از حداقل 30 است.""]","{""symbol_in"": [""BTC/USDT""], ""side_in"": [""SHORT""]}"
SYMBOL_SIDE_XRPUSDT_SHORT,symbol_side,XRP/USDT فقط SHORT.,REJECT_INSUFFICIENT_SAMPLE,True,24,24,8.14,-0.2579,-0.2713,33.33,62.5,50.0,2.0466,-2.0814,0.983,1.7921,-2.0103,-0.2579,-0.3537,-0.032,-0.3574,"[""sample کمتر از حداقل 30 است.""]","{""symbol_in"": [""XRP/USDT""], ""side_in"": [""SHORT""]}"
SYMBOL_SIDE_SCORE_GE_60_XRPUSDT_SHORT,symbol_side_score,XRP/USDT + SHORT + score >= 60.,REJECT_INSUFFICIENT_SAMPLE,True,15,15,5.08,-0.3156,-0.4472,26.67,66.67,46.67,2.2003,-2.0223,1.088,1.7329,-1.5204,-0.3156,-0.2994,0.013,-0.3643,"[""sample کمتر از حداقل 30 است.""]","{""symbol_in"": [""XRP/USDT""], ""side_in"": [""SHORT""], ""score_min"": 60}"
SCORE_BUCKET_80_89,score_bucket,score 80-89,REJECT_INSUFFICIENT_SAMPLE,True,19,19,6.44,-0.2592,-0.3192,26.32,63.16,47.37,2.1026,-2.0101,1.046,1.9275,-1.6795,-0.2592,-0.5082,0.3758,-0.399,"[""sample کمتر از حداقل 30 است.""]","{""score_min"": 80, ""score_max"": 89}"
SCORE_GE_80_LONG,score_side,score >= 80 + LONG.,REJECT_INSUFFICIENT_SAMPLE,True,16,16,5.42,-0.1488,-0.2509,31.25,56.25,56.25,1.8005,-2.023,0.89,1.9275,-1.6795,-0.1488,-0.4927,0.1384,-0.4009,"[""sample کمتر از حداقل 30 است.""]","{""score_min"": 80, ""side_in"": [""LONG""]}"
SYMBOL_SIDE_SCORE_GE_60_BTCUSDT_LONG,symbol_side_score,BTC/USDT + LONG + score >= 60.,REJECT_INSUFFICIENT_SAMPLE,True,22,22,7.46,-0.1366,-0.256,22.73,45.45,36.36,1.3381,-1.5521,0.862,1.4814,-0.8639,-0.1366,-0.1127,-0.0837,-0.4489,"[""sample کمتر از حداقل 30 است.""]","{""symbol_in"": [""BTC/USDT""], ""side_in"": [""LONG""], ""score_min"": 60}"
SYMBOL_SIDE_ETHUSDT_LONG,symbol_side,ETH/USDT فقط LONG.,REJECT_INSUFFICIENT_SAMPLE,True,20,20,6.78,-0.2618,-0.1428,35.0,50.0,50.0,1.6455,-2.359,0.698,0.7287,-1.532,-0.2618,-0.5145,-0.3133,-0.469,"[""sample کمتر از حداقل 30 است.""]","{""symbol_in"": [""ETH/USDT""], ""side_in"": [""LONG""]}"
SCORE_GE_80,score,score >= 80,REJECT_INSUFFICIENT_SAMPLE,True,20,20,6.78,-0.2594,-0.2955,25.0,60.0,50.0,2.0254,-2.0227,1.001,1.9275,-1.6795,-0.2594,-0.5021,0.3797,-0.4867,"[""sample کمتر از حداقل 30 است.""]","{""score_min"": 80}"
QUALITY_CORE_SCORE80_WATCH_OR_ACTIONABLE,composite,WATCHLIST/ACTIONABLE + score>=80.,REJECT_INSUFFICIENT_SAMPLE,True,20,20,6.78,-0.2594,-0.2955,25.0,60.0,50.0,2.0254,-2.0227,1.001,1.9275,-1.6795,-0.2594,-0.5021,0.3797,-0.4867,"[""sample کمتر از حداقل 30 است.""]","{""actionability_in"": [""WATCHLIST"", ""ACTIONABLE"", ""HIGH_ACTIONABILITY""], ""score_min"": 80}"
SYMBOL_SIDE_DOGEUSDT_LONG,symbol_side,DOGE/USDT فقط LONG.,REJECT_INSUFFICIENT_SAMPLE,True,23,23,7.8,-0.1965,-0.239,30.43,47.83,52.17,2.4122,-2.6435,0.912,2.894,-1.7141,-0.1965,-0.4821,-0.5396,-0.5178,"[""sample کمتر از حداقل 30 است.""]","{""symbol_in"": [""DOGE/USDT""], ""side_in"": [""LONG""]}"
SYMBOL_SIDE_SOLUSDT_SHORT,symbol_side,SOL/USDT فقط SHORT.,REJECT_INSUFFICIENT_SAMPLE,True,29,29,9.83,-0.3132,-0.1907,37.93,48.28,51.72,2.3891,-3.1154,0.767,1.7755,-2.9327,-0.3132,-0.8273,-0.6327,-0.5467,"[""sample کمتر از حداقل 30 است.""]","{""symbol_in"": [""SOL/USDT""], ""side_in"": [""SHORT""]}"
ACTIONABLE_SCORE_GE_80_LONG,actionability_score_side,ACTIONABLE + score >= 80 + LONG.,REJECT_INSUFFICIENT_SAMPLE,True,15,15,5.08,-0.1992,-0.2628,26.67,53.33,60.0,1.7859,-2.1556,0.828,1.9275,-1.6795,-0.1992,-0.5645,0.031,-0.5747,"[""sample کمتر از حداقل 30 است.""]","{""actionability_in"": [""ACTIONABLE"", ""HIGH_ACTIONABILITY""], ""score_min"": 80, ""side_in"": [""LONG""]}"
ACTIONABLE_SHORT,actionability_side,ACTIONABLE فقط سمت SHORT.,REJECT_INSUFFICIENT_SAMPLE,True,16,16,5.42,-0.3437,-0.3888,37.5,37.5,50.0,1.9146,-2.1925,0.873,0.4043,-1.4176,-0.3437,-0.1353,-0.2818,-0.5762,"[""sample کمتر از حداقل 30 است.""]","{""side_in"": [""SHORT""], ""actionability_in"": [""ACTIONABLE"", ""HIGH_ACTIONABILITY""]}"
ACTIONABLE_SCORE_GE_50_SHORT,actionability_score_side,ACTIONABLE + score >= 50 + SHORT.,REJECT_INSUFFICIENT_SAMPLE,True,16,16,5.42,-0.3437,-0.3888,37.5,37.5,50.0,1.9146,-2.1925,0.873,0.4043,-1.4176,-0.3437,-0.1353,-0.2818,-0.5762,"[""sample کمتر از حداقل 30 است.""]","{""actionability_in"": [""ACTIONABLE"", ""HIGH_ACTIONABILITY""], ""score_min"": 50, ""side_in"": [""SHORT""]}"
ACTIONABLE_SCORE_GE_60_SHORT,actionability_score_side,ACTIONABLE + score >= 60 + SHORT.,REJECT_INSUFFICIENT_SAMPLE,True,16,16,5.42,-0.3437,-0.3888,37.5,37.5,50.0,1.9146,-2.1925,0.873,0.4043,-1.4176,-0.3437,-0.1353,-0.2818,-0.5762,"[""sample کمتر از حداقل 30 است.""]","{""actionability_in"": [""ACTIONABLE"", ""HIGH_ACTIONABILITY""], ""score_min"": 60, ""side_in"": [""SHORT""]}"
ACTIONABLE_SCORE_GE_70_SHORT,actionability_score_side,ACTIONABLE + score >= 70 + SHORT.,REJECT_INSUFFICIENT_SAMPLE,True,16,16,5.42,-0.3437,-0.3888,37.5,37.5,50.0,1.9146,-2.1925,0.873,0.4043,-1.4176,-0.3437,-0.1353,-0.2818,-0.5762,"[""sample کمتر از حداقل 30 است.""]","{""actionability_in"": [""ACTIONABLE"", ""HIGH_ACTIONABILITY""], ""score_min"": 70, ""side_in"": [""SHORT""]}"
SHORT_SCORE60_ACTIONABLE,composite,SHORT + ACTIONABLE + score>=60.,REJECT_INSUFFICIENT_SAMPLE,True,16,16,5.42,-0.3437,-0.3888,37.5,37.5,50.0,1.9146,-2.1925,0.873,0.4043,-1.4176,-0.3437,-0.1353,-0.2818,-0.5762,"[""sample کمتر از حداقل 30 است.""]","{""side_in"": [""SHORT""], ""actionability_in"": [""ACTIONABLE"", ""HIGH_ACTIONABILITY""], ""score_min"": 60}"
SYMBOL_SIDE_SCORE_GE_60_ETHUSDT_LONG,symbol_side_score,ETH/USDT + LONG + score >= 60.,REJECT_INSUFFICIENT_SAMPLE,True,11,11,3.73,-0.3635,-0.4108,27.27,45.45,45.45,1.7215,-2.3947,0.719,0.413,-1.3422,-0.3635,-0.6554,-0.2584,-0.5892,"[""sample کمتر از حداقل 30 است.""]","{""symbol_in"": [""ETH/USDT""], ""side_in"": [""LONG""], ""score_min"": 60}"
ACTIONABLE_SCORE_GE_80,actionability_score,ACTIONABLE + score >= 80.,REJECT_INSUFFICIENT_SAMPLE,True,18,18,6.1,-0.3042,-0.352,22.22,55.56,55.56,1.9623,-2.2019,0.891,1.9275,-1.6795,-0.3042,-0.5732,0.2069,-0.6632,"[""sample کمتر از حداقل 30 است.""]","{""actionability_in"": [""ACTIONABLE"", ""HIGH_ACTIONABILITY""], ""score_min"": 80}"
SCORE_GE_70_SHORT,score_side,score >= 70 + SHORT.,REJECT_INSUFFICIENT_SAMPLE,True,21,21,7.12,-0.5103,-0.4844,33.33,47.62,47.62,2.0866,-2.3307,0.895,0.4043,-2.9327,-0.5103,-0.4424,-0.2412,-0.6875,"[""sample کمتر از حداقل 30 است.""]","{""score_min"": 70, ""side_in"": [""SHORT""]}"
SHORT_SCORE_GE_70,component,short_score >= 70.,REJECT_INSUFFICIENT_SAMPLE,True,21,21,7.12,-0.5103,-0.4844,33.33,47.62,47.62,2.0866,-2.3307,0.895,0.4043,-2.9327,-0.5103,-0.4424,-0.2412,-0.6875,"[""sample کمتر از حداقل 30 است.""]","{""short_score_min"": 70}"
HISTORICAL_EDGE_SCORE_GE_10,component,historical_edge_score >= 10.,REJECT_INSUFFICIENT_SAMPLE,True,14,14,4.75,-0.2337,-0.2524,21.43,28.57,35.71,1.0227,-1.6945,0.604,0.6391,-1.2393,-0.2337,-0.2012,-0.3625,-0.6992,"[""sample کمتر از حداقل 30 است.""]","{""historical_edge_score_min"": 10}"
SYMBOL_SIDE_SOLUSDT_LONG,symbol_side,SOL/USDT فقط LONG.,REJECT_INSUFFICIENT_SAMPLE,True,24,24,8.14,-0.3392,-0.4763,20.83,45.83,54.17,2.0345,-2.359,0.862,4.8272,-2.6468,-0.3392,-0.3916,-0.0637,-0.8381,"[""sample کمتر از حداقل 30 است.""]","{""symbol_in"": [""SOL/USDT""], ""side_in"": [""LONG""]}"
SYMBOL_SIDE_SCORE_GE_60_SOLUSDT_LONG,symbol_side_score,SOL/USDT + LONG + score >= 60.,REJECT_INSUFFICIENT_SAMPLE,True,15,15,5.08,-0.6914,-0.6263,6.67,46.67,53.33,1.6051,-2.4854,0.646,0.0475,-2.6468,-0.6914,-0.7381,-0.1358,-1.2408,"[""sample کمتر از حداقل 30 است.""]","{""symbol_in"": [""SOL/USDT""], ""side_in"": [""LONG""], ""score_min"": 60}"
SYMBOL_ACTIONABLE_DOGEUSDT,symbol_actionability,DOGE/USDT + ACTIONABLE.,REJECT_INSUFFICIENT_SAMPLE,True,10,10,3.39,-0.8977,-0.9202,10.0,40.0,50.0,2.0676,-2.7929,0.74,0.132,-1.7141,-0.8977,-1.1063,-0.1371,-1.2443,"[""sample کمتر از حداقل 30 است.""]","{""symbol_in"": [""DOGE/USDT""], ""actionability_in"": [""ACTIONABLE"", ""HIGH_ACTIONABILITY""]}"
SYMBOL_SIDE_XRPUSDT_LONG,symbol_side,XRP/USDT فقط LONG.,REJECT_INSUFFICIENT_SAMPLE,True,17,17,5.76,-0.6399,-0.5136,11.76,35.29,52.94,1.6464,-2.4839,0.663,0.2898,-2.9412,-0.6399,-0.9029,-0.319,-1.2655,"[""sample کمتر از حداقل 30 است.""]","{""symbol_in"": [""XRP/USDT""], ""side_in"": [""LONG""]}"
SYMBOL_SIDE_ACTIONABLE_BNBUSDT_LONG,symbol_side_actionability,BNB/USDT + LONG + ACTIONABLE.,REJECT_TOO_SMALL,True,6,6,2.03,0.4061,0.1716,66.67,100.0,33.33,2.5255,-0.9158,2.758,1.9275,-0.4323,0.4061,0.1716,0.9173,1.2742,"[""sample بسیار کم است: 6""]","{""symbol_in"": [""BNB/USDT""], ""side_in"": [""LONG""], ""actionability_in"": [""ACTIONABLE"", ""HIGH_ACTIONABILITY""]}"
SYMBOL_ACTIONABLE_BNBUSDT,symbol_actionability,BNB/USDT + ACTIONABLE.,REJECT_TOO_SMALL,True,9,9,3.05,0.2036,0.0474,55.56,88.89,33.33,2.8408,-1.1226,2.531,1.9275,-0.5032,0.2036,0.5817,1.0104,0.9036,"[""sample بسیار کم است: 9""]","{""symbol_in"": [""BNB/USDT""], ""actionability_in"": [""ACTIONABLE"", ""HIGH_ACTIONABILITY""]}"
SYMBOL_SIDE_SCORE_GE_80_ETHUSDT_LONG,symbol_side_score,ETH/USDT + LONG + score >= 80.,REJECT_TOO_SMALL,True,2,2,0.68,0.3281,0.3281,100.0,50.0,50.0,2.0627,-1.6347,1.262,0.413,0.2431,0.3281,0.0858,0.5208,0.8609,"[""sample بسیار کم است: 2""]","{""symbol_in"": [""ETH/USDT""], ""side_in"": [""LONG""], ""score_min"": 80}"
REGIME_QUIET,regime,فقط regime=QUIET.,REJECT_TOO_SMALL,True,1,1,0.34,0.1866,0.1866,100.0,0.0,0.0,1.4364,-1.3413,1.071,0.1866,0.1866,0.1866,-0.7721,-0.182,0.7912,"[""sample بسیار کم است: 1""]","{""regime_in"": [""QUIET""]}"
SYMBOL_SIDE_SCORE_GE_80_BNBUSDT_LONG,symbol_side_score,BNB/USDT + LONG + score >= 80.,REJECT_TOO_SMALL,True,4,4,1.36,0.5232,0.2989,50.0,100.0,50.0,1.9031,-1.151,1.653,1.9275,-0.4323,0.5232,-0.2748,0.729,0.7563,"[""sample بسیار کم است: 4""]","{""symbol_in"": [""BNB/USDT""], ""side_in"": [""LONG""], ""score_min"": 80}"
SYMBOL_SIDE_ACTIONABLE_XRPUSDT_SHORT,symbol_side_actionability,XRP/USDT + SHORT + ACTIONABLE.,REJECT_TOO_SMALL,True,3,3,1.02,-0.2238,0.2574,66.67,66.67,33.33,2.1014,-1.4861,1.414,0.2612,-1.1899,-0.2238,0.4865,0.4143,0.5541,"[""sample بسیار کم است: 3""]","{""symbol_in"": [""XRP/USDT""], ""side_in"": [""SHORT""], ""actionability_in"": [""ACTIONABLE"", ""HIGH_ACTIONABILITY""]}"
SYMBOL_SIDE_SCORE_GE_80_BNBUSDT_SHORT,symbol_side_score,BNB/USDT + SHORT + score >= 80.,REJECT_TOO_SMALL,True,1,1,0.34,-0.4844,-0.4844,0.0,100.0,0.0,4.2989,-0.9139,4.704,-0.4844,-0.4844,-0.4844,1.5213,3.3114,0.532,"[""sample بسیار کم است: 1""]","{""symbol_in"": [""BNB/USDT""], ""side_in"": [""SHORT""], ""score_min"": 80}"
SYMBOL_SIDE_SCORE_GE_80_BTCUSDT_SHORT,symbol_side_score,BTC/USDT + SHORT + score >= 80.,REJECT_TOO_SMALL,True,1,1,0.34,-0.3192,-0.3192,0.0,100.0,0.0,3.1668,-0.7856,4.031,-0.3192,-0.3192,-0.3192,-0.3099,2.1183,0.4948,"[""sample بسیار کم است: 1""]","{""symbol_in"": [""BTC/USDT""], ""side_in"": [""SHORT""], ""score_min"": 80}"
SYMBOL_SIDE_SCORE_GE_80_XRPUSDT_LONG,symbol_side_score,XRP/USDT + LONG + score >= 80.,REJECT_TOO_SMALL,True,1,1,0.34,-0.548,-0.548,0.0,100.0,0.0,4.7767,-1.3503,3.538,-0.548,-0.548,-0.548,0.4408,4.6531,0.4037,"[""sample بسیار کم است: 1""]","{""symbol_in"": [""XRP/USDT""], ""side_in"": [""LONG""], ""score_min"": 80}"
SYMBOL_SIDE_ACTIONABLE_BNBUSDT_SHORT,symbol_side_actionability,BNB/USDT + SHORT + ACTIONABLE.,REJECT_TOO_SMALL,True,3,3,1.02,-0.2013,-0.4844,33.33,66.67,33.33,3.4714,-1.5362,2.26,0.3837,-0.5032,-0.2013,1.4018,1.1968,0.1457,"[""sample بسیار کم است: 3""]","{""symbol_in"": [""BNB/USDT""], ""side_in"": [""SHORT""], ""actionability_in"": [""ACTIONABLE"", ""HIGH_ACTIONABILITY""]}"
SYMBOL_ACTIONABLE_XRPUSDT,symbol_actionability,XRP/USDT + ACTIONABLE.,REJECT_TOO_SMALL,True,5,5,1.69,-0.4206,-0.548,40.0,60.0,40.0,2.2592,-1.8324,1.233,0.2612,-1.1899,-0.4206,-0.1184,1.0802,-0.0984,"[""sample بسیار کم است: 5""]","{""symbol_in"": [""XRP/USDT""], ""actionability_in"": [""ACTIONABLE"", ""HIGH_ACTIONABILITY""]}"
VOLUME_SCORE_GE_15,component,volume_score >= 15.,REJECT_TOO_SMALL,True,6,6,2.03,-0.5937,-0.5642,0.0,83.33,33.33,2.8219,-1.7596,1.604,-0.3192,-0.9032,-0.5937,-0.4532,0.9725,-0.4551,"[""sample بسیار کم است: 6""]","{""volume_score_min"": 15}"
SCORE_GE_80_SHORT,score_side,score >= 80 + SHORT.,REJECT_TOO_SMALL,True,4,4,1.36,-0.7016,-0.5349,0.0,75.0,25.0,2.925,-2.0213,1.447,-0.3192,-1.4176,-0.7016,-0.54,1.3445,-0.4615,"[""sample بسیار کم است: 4""]","{""score_min"": 80, ""side_in"": [""SHORT""]}"
SYMBOL_SIDE_ACTIONABLE_DOGEUSDT_SHORT,symbol_side_actionability,DOGE/USDT + SHORT + ACTIONABLE.,REJECT_TOO_SMALL,True,3,3,1.02,-0.6236,-0.5853,33.33,33.33,33.33,1.987,-2.7957,0.711,0.132,-1.4176,-0.6236,-1.2374,-0.4608,-0.4761,"[""sample بسیار کم است: 3""]","{""symbol_in"": [""DOGE/USDT""], ""side_in"": [""SHORT""], ""actionability_in"": [""ACTIONABLE"", ""HIGH_ACTIONABILITY""]}"
CONFIDENCE_HIGH,confidence,فقط confidence=High.,REJECT_TOO_SMALL,True,7,7,2.37,-0.144,-0.2628,28.57,42.86,57.14,1.6763,-2.0381,0.822,0.7254,-0.5853,-0.144,-0.162,0.0955,-0.5516,"[""sample بسیار کم است: 7""]","{""confidence_in"": [""High""]}"
ACTIONABLE_SCORE_GE_80_SHORT,actionability_score_side,ACTIONABLE + score >= 80 + SHORT.,REJECT_TOO_SMALL,True,3,3,1.02,-0.8291,-0.5853,0.0,66.67,33.33,2.8444,-2.4332,1.169,-0.4844,-1.4176,-0.8291,-0.6166,1.0865,-0.6619,"[""sample بسیار کم است: 3""]","{""actionability_in"": [""ACTIONABLE"", ""HIGH_ACTIONABILITY""], ""score_min"": 80, ""side_in"": [""SHORT""]}"
SYMBOL_SIDE_ACTIONABLE_ETHUSDT_LONG,symbol_side_actionability,ETH/USDT + LONG + ACTIONABLE.,REJECT_TOO_SMALL,True,4,4,1.36,-0.3265,-0.1884,50.0,25.0,75.0,1.1054,-3.2809,0.337,0.413,-1.3422,-0.3265,-1.3586,-1.1646,-0.6855,"[""sample بسیار کم است: 4""]","{""symbol_in"": [""ETH/USDT""], ""side_in"": [""LONG""], ""actionability_in"": [""ACTIONABLE"", ""HIGH_ACTIONABILITY""]}"
SYMBOL_SIDE_ACTIONABLE_SOLUSDT_SHORT,symbol_side_actionability,SOL/USDT + SHORT + ACTIONABLE.,REJECT_TOO_SMALL,True,2,2,0.68,-0.4813,-0.4813,50.0,0.0,50.0,0.6274,-1.7275,0.363,0.0716,-1.0341,-0.4813,-0.9501,-0.6006,-0.688,"[""sample بسیار کم است: 2""]","{""symbol_in"": [""SOL/USDT""], ""side_in"": [""SHORT""], ""actionability_in"": [""ACTIONABLE"", ""HIGH_ACTIONABILITY""]}"
SYMBOL_SIDE_SCORE_GE_80_DOGEUSDT_LONG,symbol_side_score,DOGE/USDT + LONG + score >= 80.,REJECT_TOO_SMALL,True,3,3,1.02,-1.0491,-1.2289,0.0,66.67,33.33,3.0634,-2.3749,1.29,-0.239,-1.6795,-1.0491,-0.7173,0.8025,-0.7194,"[""sample بسیار کم است: 3""]","{""symbol_in"": [""DOGE/USDT""], ""side_in"": [""LONG""], ""score_min"": 80}"
SYMBOL_SIDE_ACTIONABLE_XRPUSDT_LONG,symbol_side_actionability,XRP/USDT + LONG + ACTIONABLE.,REJECT_TOO_SMALL,True,2,2,0.68,-0.716,-0.716,0.0,50.0,50.0,2.496,-2.3518,1.061,-0.548,-0.8839,-0.716,-1.0257,2.079,-0.9288,"[""sample بسیار کم است: 2""]","{""symbol_in"": [""XRP/USDT""], ""side_in"": [""LONG""], ""actionability_in"": [""ACTIONABLE"", ""HIGH_ACTIONABILITY""]}"
SYMBOL_ACTIONABLE_ETHUSDT,symbol_actionability,ETH/USDT + ACTIONABLE.,REJECT_TOO_SMALL,True,7,7,2.37,-0.4012,-0.53,28.57,28.57,71.43,1.4168,-3.2597,0.435,0.413,-1.3422,-0.4012,-0.9578,-1.1492,-1.0003,"[""sample بسیار کم است: 7""]","{""symbol_in"": [""ETH/USDT""], ""actionability_in"": [""ACTIONABLE"", ""HIGH_ACTIONABILITY""]}"
SYMBOL_SIDE_SCORE_GE_80_DOGEUSDT_SHORT,symbol_side_score,DOGE/USDT + SHORT + score >= 80.,REJECT_TOO_SMALL,True,2,2,0.68,-1.0014,-1.0014,0.0,50.0,50.0,2.1172,-3.1928,0.663,-0.5853,-1.4176,-1.0014,-1.6856,-0.0259,-1.0423,"[""sample بسیار کم است: 2""]","{""symbol_in"": [""DOGE/USDT""], ""side_in"": [""SHORT""], ""score_min"": 80}"
SYMBOL_SIDE_ACTIONABLE_BTCUSDT_SHORT,symbol_side_actionability,BTC/USDT + SHORT + ACTIONABLE.,REJECT_TOO_SMALL,True,2,2,0.68,0.0556,0.0556,50.0,0.0,100.0,0.6015,-2.238,0.269,0.4043,-0.2931,0.0556,-0.4737,-1.6864,-1.0587,"[""sample بسیار کم است: 2""]","{""symbol_in"": [""BTC/USDT""], ""side_in"": [""SHORT""], ""actionability_in"": [""ACTIONABLE"", ""HIGH_ACTIONABILITY""]}"
SYMBOL_ACTIONABLE_SOLUSDT,symbol_actionability,SOL/USDT + ACTIONABLE.,REJECT_TOO_SMALL,True,8,8,2.71,-0.6543,-0.6699,12.5,37.5,62.5,1.6163,-2.6592,0.608,0.0716,-1.2905,-0.6543,-0.8879,-0.4213,-1.1896,"[""sample بسیار کم است: 8""]","{""symbol_in"": [""SOL/USDT""], ""actionability_in"": [""ACTIONABLE"", ""HIGH_ACTIONABILITY""]}"
SYMBOL_SIDE_SCORE_GE_80_BTCUSDT_LONG,symbol_side_score,BTC/USDT + LONG + score >= 80.,REJECT_TOO_SMALL,True,5,5,1.69,-0.1777,-0.2628,20.0,20.0,80.0,0.6001,-2.3296,0.258,0.6072,-0.8639,-0.1777,-0.853,-1.0161,-1.1967,"[""sample بسیار کم است: 5""]","{""symbol_in"": [""BTC/USDT""], ""side_in"": [""LONG""], ""score_min"": 80}"
SYMBOL_SIDE_SCORE_GE_60_BTCUSDT_SHORT,symbol_side_score,BTC/USDT + SHORT + score >= 60.,REJECT_TOO_SMALL,True,9,9,3.05,-0.5263,-0.3192,22.22,22.22,66.67,1.3389,-2.7013,0.496,0.6816,-1.8426,-0.5263,-1.2874,-1.1671,-1.1999,"[""sample بسیار کم است: 9""]","{""symbol_in"": [""BTC/USDT""], ""side_in"": [""SHORT""], ""score_min"": 60}"
SYMBOL_SIDE_ACTIONABLE_SOLUSDT_LONG,symbol_side_actionability,SOL/USDT + LONG + ACTIONABLE.,REJECT_TOO_SMALL,True,6,6,2.03,-0.712,-0.6699,0.0,50.0,66.67,1.9459,-2.9698,0.655,-0.2197,-1.2905,-0.712,-0.8671,-0.3615,-1.2696,"[""sample بسیار کم است: 6""]","{""symbol_in"": [""SOL/USDT""], ""side_in"": [""LONG""], ""actionability_in"": [""ACTIONABLE"", ""HIGH_ACTIONABILITY""]}"
SYMBOL_SIDE_ACTIONABLE_ETHUSDT_SHORT,symbol_side_actionability,ETH/USDT + SHORT + ACTIONABLE.,REJECT_TOO_SMALL,True,3,3,1.02,-0.5008,-0.53,0.0,33.33,66.67,1.8321,-3.2316,0.567,-0.1092,-0.8632,-0.5008,-0.4235,-1.1287,-1.2851,"[""sample بسیار کم است: 3""]","{""symbol_in"": [""ETH/USDT""], ""side_in"": [""SHORT""], ""actionability_in"": [""ACTIONABLE"", ""HIGH_ACTIONABILITY""]}"
RISK_HIGH,risk,فقط risk_label=High.,REJECT_TOO_SMALL,True,8,8,2.71,-1.4192,-1.0515,0.0,50.0,37.5,2.7212,-3.5938,0.757,-0.3153,-2.9412,-1.4192,-1.5945,-0.4264,-1.3822,"[""sample بسیار کم است: 8""]","{""risk_in"": [""High""]}"
SYMBOL_SIDE_ACTIONABLE_DOGEUSDT_LONG,symbol_side_actionability,DOGE/USDT + LONG + ACTIONABLE.,REJECT_TOO_SMALL,True,7,7,2.37,-1.0151,-1.2289,0.0,42.86,57.14,2.1022,-2.7917,0.753,-0.1811,-1.7141,-1.0151,-1.0502,0.0017,-1.4078,"[""sample بسیار کم است: 7""]","{""symbol_in"": [""DOGE/USDT""], ""side_in"": [""LONG""], ""actionability_in"": [""ACTIONABLE"", ""HIGH_ACTIONABILITY""]}"
SYMBOL_ACTIONABLE_BTCUSDT,symbol_actionability,BTC/USDT + ACTIONABLE.,REJECT_TOO_SMALL,True,7,7,2.37,-0.2325,-0.2628,14.29,14.29,85.71,0.609,-2.3515,0.259,0.4043,-0.8639,-0.2325,-0.6824,-1.1805,-1.4363,"[""sample بسیار کم است: 7""]","{""symbol_in"": [""BTC/USDT""], ""actionability_in"": [""ACTIONABLE"", ""HIGH_ACTIONABILITY""]}"
SYMBOL_SIDE_SCORE_GE_60_XRPUSDT_LONG,symbol_side_score,XRP/USDT + LONG + score >= 60.,REJECT_TOO_SMALL,True,9,9,3.05,-0.6611,-0.548,0.0,33.33,66.67,1.8289,-2.7252,0.671,-0.2493,-1.1899,-0.6611,-1.2103,-0.0458,-1.4784,"[""sample بسیار کم است: 9""]","{""symbol_in"": [""XRP/USDT""], ""side_in"": [""LONG""], ""score_min"": 60}"
SYMBOL_SIDE_ACTIONABLE_BTCUSDT_LONG,symbol_side_actionability,BTC/USDT + LONG + ACTIONABLE.,REJECT_TOO_SMALL,True,5,5,1.69,-0.3477,-0.2628,0.0,20.0,80.0,0.612,-2.3969,0.255,-0.0973,-0.8639,-0.3477,-0.7659,-0.9782,-1.5664,"[""sample بسیار کم است: 5""]","{""symbol_in"": [""BTC/USDT""], ""side_in"": [""LONG""], ""actionability_in"": [""ACTIONABLE"", ""HIGH_ACTIONABILITY""]}"
SCORE_BUCKET_90_PLUS,score_bucket,score >= 90,REJECT_TOO_SMALL,True,1,1,0.34,-0.2628,-0.2628,0.0,0.0,100.0,0.5583,-2.2619,0.247,-0.2628,-0.2628,-0.2628,-0.3876,0.453,-1.8733,"[""sample بسیار کم است: 1""]","{""score_min"": 90}"
SYMBOL_SIDE_SCORE_GE_80_SOLUSDT_LONG,symbol_side_score,SOL/USDT + LONG + score >= 80.,REJECT_TOO_SMALL,True,1,1,0.34,-0.5464,-0.5464,0.0,0.0,100.0,0.1025,-4.3716,0.023,-0.5464,-0.5464,-0.5464,-0.9791,-3.7227,-1.9475,"[""sample بسیار کم است: 1""]","{""symbol_in"": [""SOL/USDT""], ""side_in"": [""LONG""], ""score_min"": 80}"
