decision_id,logged_at_utc,candle_timestamp,symbol,timeframe,price,side,score,confidence_label,risk_label,actionability,is_actionable,entry_zone,stop_zone,targets,trend_score,trend_max,momentum_score,momentum_max,volume_score,volume_max,structure_score,structure_max,risk_penalty,risk_max,regime_label,regime_confidence,regime_adjustment,long_score,short_score,reasons,warnings,provider,historical_edge_score,historical_edge_max
702a2661c615280a,2026-07-03T18:21:18.010186+00:00,2026-07-03 16:00:00,BTC/USDT,4h,62155.1,LONG,53,Low,Low,NOT_ACTIONABLE,False,"61,949 - 62,279","61,168","[""62,978"", ""63,636"", ""64,294""]",28,28,25,30,0,20,0,12,0,25,,,,,,روند کوتاه‌مدت صعودی و هم‌راستاست؛ قیمت بالای میانگین‌های مهم قرار دارد. | قیمت بالای EMA10 است؛ مومنتوم کوتاه‌مدت هنوز حفظ شده است. | RSI در محدوده سالم مومنتوم صعودی است: 64.0 | MACD در ناحیه مثبت است. | کندل فعلی مثبت بسته شده است.,حجم فعلی ضعیف‌تر از میانگین اخیر است؛ احتمال شکست فیک بیشتر می‌شود.,okx,,
ac668c96ba4b2b88,2026-07-03T18:27:29.497409+00:00,2026-07-03 16:00:00,BTC/USDT,4h,62159.7,LONG,53,Low,Low,NOT_ACTIONABLE,False,"61,954 - 62,283","61,172","[""62,982"", ""63,641"", ""64,299""]",28,28,25,30,0,20,0,12,0,25,,,,,,روند کوتاه‌مدت صعودی و هم‌راستاست؛ قیمت بالای میانگین‌های مهم قرار دارد. | قیمت بالای EMA10 است؛ مومنتوم کوتاه‌مدت هنوز حفظ شده است. | RSI در محدوده سالم مومنتوم صعودی است: 64.0 | MACD در ناحیه مثبت است. | کندل فعلی مثبت بسته شده است.,حجم فعلی ضعیف‌تر از میانگین اخیر است؛ احتمال شکست فیک بیشتر می‌شود.,okx,,
a5f792f402c2fd44,2026-07-03T18:34:08.234820+00:00,2026-07-03 16:00:00,BTC/USDT,4h,62194.8,LONG,59,Medium,Low,WATCHLIST,False,"61,989 - 62,318","61,208","[""63,017"", ""63,676"", ""64,334""]",28,28,25,30,0,20,6,12,0,25,,,,,,روند کوتاه‌مدت صعودی و هم‌راستاست؛ قیمت بالای میانگین‌های مهم قرار دارد. | قیمت بالای EMA10 است؛ مومنتوم کوتاه‌مدت هنوز حفظ شده است. | RSI در محدوده سالم مومنتوم صعودی است: 64.2 | MACD در ناحیه مثبت است. | کندل فعلی مثبت بسته شده است. | ساختار Higher High دیده می‌شود؛ سقف جدید بالاتر از سقف قبلی است. | ساختار Higher Low دیده می‌شود؛ کف جدید بالاتر از کف قبلی است.,حجم فعلی ضعیف‌تر از میانگین اخیر است؛ احتمال شکست فیک بیشتر می‌شود.,okx,,
05368408c005ba69,2026-07-03T18:39:13.917697+00:00,2026-07-03 16:00:00,BTC/USDT,4h,62231.8,LONG,63,Medium,Low,WATCHLIST,False,"62,026 - 62,355","61,245","[""63,054"", ""63,713"", ""64,371""]",28,28,25,30,0,20,10,12,0,25,,,,,,روند کوتاه‌مدت صعودی و هم‌راستاست؛ قیمت بالای میانگین‌های مهم قرار دارد. | قیمت بالای EMA10 است؛ مومنتوم کوتاه‌مدت هنوز حفظ شده است. | RSI در محدوده سالم مومنتوم صعودی است: 64.5 | MACD در ناحیه مثبت است. | کندل فعلی مثبت بسته شده است. | ساختار Higher High دیده می‌شود؛ سقف جدید بالاتر از سقف قبلی است. | ساختار Higher Low دیده می‌شود؛ کف جدید بالاتر از کف قبلی است. | قیمت آخرین Swing High را شکسته است؛ شکست مقاومت ساختاری حوالی 62209.20.,حجم فعلی ضعیف‌تر از میانگین اخیر است؛ احتمال شکست فیک بیشتر می‌شود.,okx,,
9a8d6b487076b925,2026-07-03T18:43:17.296314+00:00,2026-07-03 16:00:00,BTC/USDT,4h,62216.4,LONG,63,Medium,Low,WATCHLIST,False,"62,011 - 62,340","61,229","[""63,039"", ""63,697"", ""64,355""]",28,28,25,30,0,20,10,12,0,25,,,,,,روند کوتاه‌مدت صعودی و هم‌راستاست؛ قیمت بالای میانگین‌های مهم قرار دارد. | قیمت بالای EMA10 است؛ مومنتوم کوتاه‌مدت هنوز حفظ شده است. | RSI در محدوده سالم مومنتوم صعودی است: 64.4 | MACD در ناحیه مثبت است. | کندل فعلی مثبت بسته شده است. | ساختار Higher High دیده می‌شود؛ سقف جدید بالاتر از سقف قبلی است. | ساختار Higher Low دیده می‌شود؛ کف جدید بالاتر از کف قبلی است. | قیمت آخرین Swing High را شکسته است؛ شکست مقاومت ساختاری حوالی 62209.20.,حجم فعلی ضعیف‌تر از میانگین اخیر است؛ احتمال شکست فیک بیشتر می‌شود. | کندل هم‌جهت است اما حجم برای تأیید حرکت کافی نیست.,okx,,
a052b02bff194c72,2026-07-03T20:55:25.355921+00:00,2026-07-03 20:00:00,BTC/USDT,4h,62794.9,LONG,56,Medium,Low,WATCHLIST,False,"62,591 - 62,917","61,814","[""63,612"", ""64,266"", ""64,919""]",28,28,18,30,2,20,10,12,-2,25,,,,,,روند کوتاه‌مدت صعودی و هم‌راستاست؛ قیمت بالای میانگین‌های مهم قرار دارد. | قیمت بالای EMA10 است؛ مومنتوم کوتاه‌مدت هنوز حفظ شده است. | RSI صعودی است ولی کمی داغ شده: 68.1 | MACD در ناحیه مثبت است. | کندل فعلی مثبت بسته شده است. | حجم نسبت به کندل قبل افزایش دارد: 1.5x | ساختار Higher High دیده می‌شود؛ سقف جدید بالاتر از سقف قبلی است. | ساختار Higher Low دیده می‌شود؛ کف جدید بالاتر از کف قبلی است. | قیمت آخرین Swing High را شکسته است؛ شکست مقاومت ساختاری حوالی 62209.20.,RSI بالاست؛ احتمال پولبک کوتاه‌مدت وجود دارد. | حجم فعلی ضعیف‌تر از میانگین اخیر است؛ احتمال شکست فیک بیشتر می‌شود. | کندل هم‌جهت است اما حجم برای تأیید حرکت کافی نیست. | قیمت کمی از EMA10 فاصله گرفته است (1.68%).,okx,,
e7cd9d36c4255be5,2026-07-03T21:01:16.119821+00:00,2026-07-03 20:00:00,BTC/USDT,4h,62789.3,LONG,65,Medium,Low,WATCHLIST,False,"62,585 - 62,912","61,809","[""63,606"", ""64,260"", ""64,914""]",28,28,27,30,2,20,10,12,-2,25,,,,,,روند کوتاه‌مدت صعودی و هم‌راستاست؛ قیمت بالای میانگین‌های مهم قرار دارد. | قیمت بالای EMA10 است؛ مومنتوم کوتاه‌مدت هنوز حفظ شده است. | RSI صعودی است ولی کمی داغ شده: 68.1 | RSI نسبت به کندل قبل با قدرت افزایش یافته است: +3.7 | MACD در ناحیه مثبت است. | MACD نسبت به کندل قبل در حال بهبود است. | کندل فعلی مثبت بسته شده است. | بدنه کندل قوی است و فشار خرید واضح‌تر دیده می‌شود. | قیمت بالای EMA10 است؛ مومنتوم کوتاه‌مدت هنوز حفظ شده است. | حجم نسبت به کندل قبل افزایش دارد: 1.6x | ساختار Higher High دیده می‌شود؛ سقف جدید بالاتر از سقف قبلی است. | ساختار Higher Low دیده می‌شود؛ کف جدید بالاتر از کف قبلی است. | قیمت آخرین Swing High را شکسته است؛ شکست مقاومت ساختاری حوالی 62209.20.,RSI بالاست؛ احتمال پولبک کوتاه‌مدت وجود دارد. | حجم فعلی ضعیف‌تر از میانگین اخیر است؛ احتمال شکست فیک بیشتر می‌شود. | کندل هم‌جهت است اما حجم برای تأیید حرکت کافی نیست. | قیمت کمی از EMA10 فاصله گرفته است (1.67%).,okx,,
bbfd193a5c358ccd,2026-07-03T21:11:58.699575+00:00,2026-07-03 20:00:00,BTC/USDT,4h,62834.5,LONG,70,Medium-High,Low,ACTIONABLE,True,"62,630 - 62,957","61,854","[""63,652"", ""64,305"", ""64,959""]",28,28,27,30,2,20,10,12,-2,25,,,,,,روند کوتاه‌مدت صعودی و هم‌راستاست؛ قیمت بالای میانگین‌های مهم قرار دارد. | قیمت بالای EMA10 است؛ مومنتوم کوتاه‌مدت هنوز حفظ شده است. | RSI صعودی است ولی کمی داغ شده: 68.3 | RSI نسبت به کندل قبل با قدرت افزایش یافته است: +4.0 | MACD در ناحیه مثبت است. | MACD نسبت به کندل قبل در حال بهبود است. | کندل فعلی مثبت بسته شده است. | بدنه کندل قوی است و فشار خرید واضح‌تر دیده می‌شود. | قیمت بالای EMA10 است؛ مومنتوم کوتاه‌مدت هنوز حفظ شده است. | حجم نسبت به کندل قبل افزایش دارد: 1.6x | ساختار Higher High دیده می‌شود؛ سقف جدید بالاتر از سقف قبلی است. | ساختار Higher Low دیده می‌شود؛ کف جدید بالاتر از کف قبلی است. | قیمت آخرین Swing High را شکسته است؛ شکست مقاومت ساختاری حوالی 62209.20. | Market Regime صعودی است و Bias لانگ را تأیید می‌کند.,RSI بالاست؛ احتمال پولبک کوتاه‌مدت وجود دارد. | حجم فعلی ضعیف‌تر از میانگین اخیر است؛ احتمال شکست فیک بیشتر می‌شود. | کندل هم‌جهت است اما حجم برای تأیید حرکت کافی نیست. | قیمت کمی از EMA10 فاصله گرفته است (1.73%).,okx,,
3106fe3470593c27,2026-07-03T21:18:24.126801+00:00,2026-07-03 20:00:00,BTC/USDT,4h,62650.0,LONG,68,Medium,Low,WATCHLIST,False,"62,445 - 62,773","61,665","[""63,471"", ""64,128"", ""64,785""]",28,28,23,30,2,20,10,12,0,25,,,,,,روند کوتاه‌مدت صعودی و هم‌راستاست؛ قیمت بالای میانگین‌های مهم قرار دارد. | قیمت بالای EMA10 است؛ مومنتوم کوتاه‌مدت هنوز حفظ شده است. | RSI صعودی است ولی کمی داغ شده: 67.2 | RSI نسبت به کندل قبل کمی افزایش یافته است: +2.9 | MACD در ناحیه مثبت است. | MACD نسبت به کندل قبل در حال بهبود است. | کندل فعلی مثبت بسته شده است. | بدنه کندل قابل قبول است. | قیمت بالای EMA10 است؛ مومنتوم کوتاه‌مدت هنوز حفظ شده است. | حجم نسبت به کندل قبل افزایش دارد: 1.7x | ساختار Higher High دیده می‌شود؛ سقف جدید بالاتر از سقف قبلی است. | ساختار Higher Low دیده می‌شود؛ کف جدید بالاتر از کف قبلی است. | قیمت آخرین Swing High را شکسته است؛ شکست مقاومت ساختاری حوالی 62209.20. | Market Regime صعودی است و Bias لانگ را تأیید می‌کند.,RSI بالاست؛ احتمال پولبک کوتاه‌مدت وجود دارد. | حجم فعلی ضعیف‌تر از میانگین اخیر است؛ احتمال شکست فیک بیشتر می‌شود. | کندل هم‌جهت است اما حجم برای تأیید حرکت کافی نیست.,okx,,
42234f23363549ef,2026-07-03T21:31:55.569860+00:00,2026-07-03 20:00:00,BTC/USDT,4h,62605.9,LONG,68,Medium,Low,WATCHLIST,False,"62,401 - 62,729","61,621","[""63,427"", ""64,084"", ""64,740""]",28,28,23,30,2,20,10,12,0,25,,,,,,روند کوتاه‌مدت صعودی و هم‌راستاست؛ قیمت بالای میانگین‌های مهم قرار دارد. | قیمت بالای EMA10 است؛ مومنتوم کوتاه‌مدت هنوز حفظ شده است. | RSI صعودی است ولی کمی داغ شده: 67.0 | RSI نسبت به کندل قبل کمی افزایش یافته است: +2.6 | MACD در ناحیه مثبت است. | MACD نسبت به کندل قبل در حال بهبود است. | کندل فعلی مثبت بسته شده است. | بدنه کندل قابل قبول است. | قیمت بالای EMA10 است؛ مومنتوم کوتاه‌مدت هنوز حفظ شده است. | حجم نسبت به کندل قبل افزایش دارد: 1.8x | ساختار Higher High دیده می‌شود؛ سقف جدید بالاتر از سقف قبلی است. | ساختار Higher Low دیده می‌شود؛ کف جدید بالاتر از کف قبلی است. | قیمت آخرین Swing High را شکسته است؛ شکست مقاومت ساختاری حوالی 62209.20. | Market Regime صعودی است و Bias لانگ را تأیید می‌کند.,RSI بالاست؛ احتمال پولبک کوتاه‌مدت وجود دارد. | حجم فعلی ضعیف‌تر از میانگین اخیر است؛ احتمال شکست فیک بیشتر می‌شود. | کندل هم‌جهت است اما حجم برای تأیید حرکت کافی نیست.,okx,,
095125c6703b6951,2026-07-03T21:38:31.601977+00:00,2026-07-03 20:00:00,BTC/USDT,4h,62561.9,LONG,67,Medium,Low,WATCHLIST,False,"62,357 - 62,685","61,577","[""63,383"", ""64,040"", ""64,696""]",28,28,20,30,4,20,10,12,0,25,,,,,,روند کوتاه‌مدت صعودی و هم‌راستاست؛ قیمت بالای میانگین‌های مهم قرار دارد. | قیمت بالای EMA10 است؛ مومنتوم کوتاه‌مدت هنوز حفظ شده است. | RSI صعودی است ولی کمی داغ شده: 66.7 | RSI نسبت به کندل قبل کمی افزایش یافته است: +2.4 | MACD در ناحیه مثبت است. | کندل فعلی مثبت بسته شده است. | بدنه کندل قابل قبول است. | قیمت بالای EMA10 است؛ مومنتوم کوتاه‌مدت هنوز حفظ شده است. | حجم نسبت به کندل قبل جهش قابل‌توجهی دارد: 1.8x | ساختار Higher High دیده می‌شود؛ سقف جدید بالاتر از سقف قبلی است. | ساختار Higher Low دیده می‌شود؛ کف جدید بالاتر از کف قبلی است. | قیمت آخرین Swing High را شکسته است؛ شکست مقاومت ساختاری حوالی 62209.20. | Market Regime صعودی است و Bias لانگ را تأیید می‌کند.,RSI بالاست؛ احتمال پولبک کوتاه‌مدت وجود دارد. | MACD نسبت به کندل قبل ضعیف‌تر شده است. | حجم فعلی ضعیف‌تر از میانگین اخیر است؛ احتمال شکست فیک بیشتر می‌شود. | کندل هم‌جهت است اما حجم برای تأیید حرکت کافی نیست.,okx,,
d600b9f69b94fdcf,2026-07-03T21:45:51.573056+00:00,2026-07-03 20:00:00,BTC/USDT,4h,62628.7,LONG,70,Medium-High,Low,WATCHLIST,False,"62,423 - 62,752","61,644","[""63,450"", ""64,106"", ""64,763""]",28,28,23,30,4,20,10,12,0,25,,,,,,روند کوتاه‌مدت صعودی و هم‌راستاست؛ قیمت بالای میانگین‌های مهم قرار دارد. | قیمت بالای EMA10 است؛ مومنتوم کوتاه‌مدت هنوز حفظ شده است. | RSI صعودی است ولی کمی داغ شده: 67.1 | RSI نسبت به کندل قبل کمی افزایش یافته است: +2.8 | MACD در ناحیه مثبت است. | MACD نسبت به کندل قبل در حال بهبود است. | کندل فعلی مثبت بسته شده است. | بدنه کندل قابل قبول است. | قیمت بالای EMA10 است؛ مومنتوم کوتاه‌مدت هنوز حفظ شده است. | حجم نسبت به کندل قبل جهش قابل‌توجهی دارد: 1.9x | ساختار Higher High دیده می‌شود؛ سقف جدید بالاتر از سقف قبلی است. | ساختار Higher Low دیده می‌شود؛ کف جدید بالاتر از کف قبلی است. | قیمت آخرین Swing High را شکسته است؛ شکست مقاومت ساختاری حوالی 62209.20. | Market Regime صعودی است و Bias لانگ را تأیید می‌کند.,RSI بالاست؛ احتمال پولبک کوتاه‌مدت وجود دارد. | حجم فعلی ضعیف‌تر از میانگین اخیر است؛ احتمال شکست فیک بیشتر می‌شود. | کندل هم‌جهت است اما حجم برای تأیید حرکت کافی نیست.,okx,,
e5c059c211567cb8,2026-07-03T21:58:23.468112+00:00,2026-07-03 20:00:00,BTC/USDT,4h,62740.6,LONG,72,Medium-High,Low,WATCHLIST,False,"62,535 - 62,864","61,755","[""63,562"", ""64,218"", ""64,875""]",28,28,27,30,4,20,10,12,-2,25,,,,,,روند کوتاه‌مدت صعودی و هم‌راستاست؛ قیمت بالای میانگین‌های مهم قرار دارد. | قیمت بالای EMA10 است؛ مومنتوم کوتاه‌مدت هنوز حفظ شده است. | RSI صعودی است ولی کمی داغ شده: 67.8 | RSI نسبت به کندل قبل با قدرت افزایش یافته است: +3.5 | MACD در ناحیه مثبت است. | MACD نسبت به کندل قبل در حال بهبود است. | کندل فعلی مثبت بسته شده است. | بدنه کندل قوی است و فشار خرید واضح‌تر دیده می‌شود. | قیمت بالای EMA10 است؛ مومنتوم کوتاه‌مدت هنوز حفظ شده است. | حجم نسبت به کندل قبل جهش قابل‌توجهی دارد: 1.9x | ساختار Higher High دیده می‌شود؛ سقف جدید بالاتر از سقف قبلی است. | ساختار Higher Low دیده می‌شود؛ کف جدید بالاتر از کف قبلی است. | قیمت آخرین Swing High را شکسته است؛ شکست مقاومت ساختاری حوالی 62209.20. | Market Regime صعودی است و Bias لانگ را تأیید می‌کند.,RSI بالاست؛ احتمال پولبک کوتاه‌مدت وجود دارد. | حجم فعلی ضعیف‌تر از میانگین اخیر است؛ احتمال شکست فیک بیشتر می‌شود. | کندل هم‌جهت است اما حجم برای تأیید حرکت کافی نیست. | قیمت کمی از EMA10 فاصله گرفته است (1.61%).,okx,,
f0861049dedc87c0,2026-07-03T22:05:21.173468+00:00,2026-07-03 20:00:00,BTC/USDT,4h,62648.9,LONG,70,Medium-High,Low,WATCHLIST,False,"62,444 - 62,772","61,664","[""63,470"", ""64,127"", ""64,783""]",28,28,23,30,4,20,10,12,0,25,,,,,,روند کوتاه‌مدت صعودی و هم‌راستاست؛ قیمت بالای میانگین‌های مهم قرار دارد. | قیمت بالای EMA10 است؛ مومنتوم کوتاه‌مدت هنوز حفظ شده است. | RSI صعودی است ولی کمی داغ شده: 67.2 | RSI نسبت به کندل قبل کمی افزایش یافته است: +2.9 | MACD در ناحیه مثبت است. | MACD نسبت به کندل قبل در حال بهبود است. | کندل فعلی مثبت بسته شده است. | بدنه کندل قابل قبول است. | قیمت بالای EMA10 است؛ مومنتوم کوتاه‌مدت هنوز حفظ شده است. | حجم نسبت به کندل قبل جهش قابل‌توجهی دارد: 1.9x | ساختار Higher High دیده می‌شود؛ سقف جدید بالاتر از سقف قبلی است. | ساختار Higher Low دیده می‌شود؛ کف جدید بالاتر از کف قبلی است. | قیمت آخرین Swing High را شکسته است؛ شکست مقاومت ساختاری حوالی 62209.20. | Market Regime صعودی است و Bias لانگ را تأیید می‌کند.,RSI بالاست؛ احتمال پولبک کوتاه‌مدت وجود دارد. | حجم فعلی ضعیف‌تر از میانگین اخیر است؛ احتمال شکست فیک بیشتر می‌شود. | کندل هم‌جهت است اما حجم برای تأیید حرکت کافی نیست.,okx,,
9d21614f8912910a,2026-07-03T22:05:39.693647+00:00,2026-07-03 20:00:00,BTC/USDT,4h,62612.7,LONG,70,Medium-High,Low,WATCHLIST,False,"62,407 - 62,736","61,628","[""63,434"", ""64,090"", ""64,747""]",28,28,23,30,4,20,10,12,0,25,,,,,,روند کوتاه‌مدت صعودی و هم‌راستاست؛ قیمت بالای میانگین‌های مهم قرار دارد. | قیمت بالای EMA10 است؛ مومنتوم کوتاه‌مدت هنوز حفظ شده است. | RSI صعودی است ولی کمی داغ شده: 67.0 | RSI نسبت به کندل قبل کمی افزایش یافته است: +2.7 | MACD در ناحیه مثبت است. | MACD نسبت به کندل قبل در حال بهبود است. | کندل فعلی مثبت بسته شده است. | بدنه کندل قابل قبول است. | قیمت بالای EMA10 است؛ مومنتوم کوتاه‌مدت هنوز حفظ شده است. | حجم نسبت به کندل قبل جهش قابل‌توجهی دارد: 1.9x | ساختار Higher High دیده می‌شود؛ سقف جدید بالاتر از سقف قبلی است. | ساختار Higher Low دیده می‌شود؛ کف جدید بالاتر از کف قبلی است. | قیمت آخرین Swing High را شکسته است؛ شکست مقاومت ساختاری حوالی 62209.20. | Market Regime صعودی است و Bias لانگ را تأیید می‌کند.,RSI بالاست؛ احتمال پولبک کوتاه‌مدت وجود دارد. | حجم فعلی ضعیف‌تر از میانگین اخیر است؛ احتمال شکست فیک بیشتر می‌شود. | کندل هم‌جهت است اما حجم برای تأیید حرکت کافی نیست.,okx,,
bcefb4f171266e47,2026-07-03T22:09:19.852309+00:00,2026-07-03 20:00:00,BTC/USDT,4h,62635.7,LONG,70,Medium-High,Low,WATCHLIST,False,"62,430 - 62,759","61,651","[""63,457"", ""64,113"", ""64,770""]",28,28,23,30,4,20,10,12,0,25,,,,,,روند کوتاه‌مدت صعودی و هم‌راستاست؛ قیمت بالای میانگین‌های مهم قرار دارد. | قیمت بالای EMA10 است؛ مومنتوم کوتاه‌مدت هنوز حفظ شده است. | RSI صعودی است ولی کمی داغ شده: 67.2 | RSI نسبت به کندل قبل کمی افزایش یافته است: +2.8 | MACD در ناحیه مثبت است. | MACD نسبت به کندل قبل در حال بهبود است. | کندل فعلی مثبت بسته شده است. | بدنه کندل قابل قبول است. | قیمت بالای EMA10 است؛ مومنتوم کوتاه‌مدت هنوز حفظ شده است. | حجم نسبت به کندل قبل جهش قابل‌توجهی دارد: 1.9x | ساختار Higher High دیده می‌شود؛ سقف جدید بالاتر از سقف قبلی است. | ساختار Higher Low دیده می‌شود؛ کف جدید بالاتر از کف قبلی است. | قیمت آخرین Swing High را شکسته است؛ شکست مقاومت ساختاری حوالی 62209.20. | Market Regime صعودی است و Bias لانگ را تأیید می‌کند.,RSI بالاست؛ احتمال پولبک کوتاه‌مدت وجود دارد. | حجم فعلی ضعیف‌تر از میانگین اخیر است؛ احتمال شکست فیک بیشتر می‌شود. | کندل هم‌جهت است اما حجم برای تأیید حرکت کافی نیست.,okx,,
e074ad19ac1a06f5,2026-07-03T22:12:37.322247+00:00,2026-07-03 20:00:00,BTC/USDT,4h,62611.3,LONG,70,Medium-High,Low,WATCHLIST,False,"62,406 - 62,734","61,626","[""63,432"", ""64,089"", ""64,746""]",28,28,23,30,4,20,10,12,0,25,,,,,,روند کوتاه‌مدت صعودی و هم‌راستاست؛ قیمت بالای میانگین‌های مهم قرار دارد. | قیمت بالای EMA10 است؛ مومنتوم کوتاه‌مدت هنوز حفظ شده است. | RSI صعودی است ولی کمی داغ شده: 67.0 | RSI نسبت به کندل قبل کمی افزایش یافته است: +2.7 | MACD در ناحیه مثبت است. | MACD نسبت به کندل قبل در حال بهبود است. | کندل فعلی مثبت بسته شده است. | بدنه کندل قابل قبول است. | قیمت بالای EMA10 است؛ مومنتوم کوتاه‌مدت هنوز حفظ شده است. | حجم نسبت به کندل قبل جهش قابل‌توجهی دارد: 2.0x | ساختار Higher High دیده می‌شود؛ سقف جدید بالاتر از سقف قبلی است. | ساختار Higher Low دیده می‌شود؛ کف جدید بالاتر از کف قبلی است. | قیمت آخرین Swing High را شکسته است؛ شکست مقاومت ساختاری حوالی 62209.20. | Market Regime صعودی است و Bias لانگ را تأیید می‌کند.,RSI بالاست؛ احتمال پولبک کوتاه‌مدت وجود دارد. | حجم فعلی ضعیف‌تر از میانگین اخیر است؛ احتمال شکست فیک بیشتر می‌شود. | کندل هم‌جهت است اما حجم برای تأیید حرکت کافی نیست.,okx,,
8aa3c99d5068e0a1,2026-07-05T07:19:09.584939+00:00,2026-07-05 04:00:00,BTC/USDT,4h,62773.9,LONG,57,Medium,Low,WATCHLIST,False,"62,606 - 62,874","61,969","[""63,444"", ""63,981"", ""64,517""]",28,28,22,30,0,20,6,12,-4,25,,,,,,روند کوتاه‌مدت صعودی و هم‌راستاست؛ قیمت بالای میانگین‌های مهم قرار دارد. | قیمت بالای EMA10 است؛ مومنتوم کوتاه‌مدت هنوز حفظ شده است. | RSI در محدوده سالم مومنتوم صعودی است: 62.9 | RSI نسبت به کندل قبل کمی افزایش یافته است: +0.0 | MACD در ناحیه مثبت است. | کندل فعلی مثبت بسته شده است. | قیمت بالای EMA10 است؛ مومنتوم کوتاه‌مدت هنوز حفظ شده است. | ساختار Higher High دیده می‌شود؛ سقف جدید بالاتر از سقف قبلی است. | ساختار Higher Low دیده می‌شود؛ کف جدید بالاتر از کف قبلی است. | Market Regime صعودی است و Bias لانگ را تأیید می‌کند.,MACD نسبت به کندل قبل ضعیف‌تر شده است. | کندل مثبت است اما بدنه آن ضعیف است. | حجم فعلی ضعیف‌تر از میانگین اخیر است؛ احتمال شکست فیک بیشتر می‌شود. | هم حجم پایین است و هم بدنه کندل ضعیف؛ بازار هنوز مشارکت جدی ندارد. | بدنه کندل نسبت به دامنه ضعیف است؛ احتمال عدم قطعیت یا جذب نقدینگی وجود دارد.,okx,,
3282652cb631d863,2026-07-05T07:24:53.925026+00:00,2026-07-05 04:00:00,BTC/USDT,4h,62786.5,LONG,57,Medium,Low,WATCHLIST,False,"62,619 - 62,887","61,982","[""63,457"", ""63,993"", ""64,530""]",28,28,22,30,0,20,6,12,-4,25,,,,,,روند کوتاه‌مدت صعودی و هم‌راستاست؛ قیمت بالای میانگین‌های مهم قرار دارد. | قیمت بالای EMA10 است؛ مومنتوم کوتاه‌مدت هنوز حفظ شده است. | RSI در محدوده سالم مومنتوم صعودی است: 63.0 | RSI نسبت به کندل قبل کمی افزایش یافته است: +0.2 | MACD در ناحیه مثبت است. | کندل فعلی مثبت بسته شده است. | قیمت بالای EMA10 است؛ مومنتوم کوتاه‌مدت هنوز حفظ شده است. | ساختار Higher High دیده می‌شود؛ سقف جدید بالاتر از سقف قبلی است. | ساختار Higher Low دیده می‌شود؛ کف جدید بالاتر از کف قبلی است. | Market Regime صعودی است و Bias لانگ را تأیید می‌کند.,MACD نسبت به کندل قبل ضعیف‌تر شده است. | کندل مثبت است اما بدنه آن ضعیف است. | حجم فعلی ضعیف‌تر از میانگین اخیر است؛ احتمال شکست فیک بیشتر می‌شود. | هم حجم پایین است و هم بدنه کندل ضعیف؛ بازار هنوز مشارکت جدی ندارد. | بدنه کندل نسبت به دامنه ضعیف است؛ احتمال عدم قطعیت یا جذب نقدینگی وجود دارد.,okx,,
bfa73053330f4640,2026-07-05T07:38:22.761401+00:00,2026-07-05 04:00:00,BTC/USDT,4h,62894.2,LONG,73,Medium-High,Low,WATCHLIST,False,"62,727 - 62,995","62,090","[""63,565"", ""64,101"", ""64,637""]",28,28,23,30,0,20,6,12,0,25,,,,,,روند کوتاه‌مدت صعودی و هم‌راستاست؛ قیمت بالای میانگین‌های مهم قرار دارد. | قیمت بالای EMA10 است؛ مومنتوم کوتاه‌مدت هنوز حفظ شده است. | RSI در محدوده سالم مومنتوم صعودی است: 63.9 | RSI نسبت به کندل قبل کمی افزایش یافته است: +1.1 | MACD در ناحیه مثبت است. | کندل فعلی مثبت بسته شده است. | بدنه کندل قابل قبول است. | قیمت بالای EMA10 است؛ مومنتوم کوتاه‌مدت هنوز حفظ شده است. | ساختار Higher High دیده می‌شود؛ سقف جدید بالاتر از سقف قبلی است. | ساختار Higher Low دیده می‌شود؛ کف جدید بالاتر از کف قبلی است. | Market Regime صعودی است و Bias لانگ را تأیید می‌کند. | 18 نمونه مشابه نتیجه‌دار پیدا شد؛ میانگین شباهت 91%. | Win Rate تاریخی قوی است: 72.2% | Target 1 در نمونه‌های مشابه زیاد خورده است: 72.2% | Historical Edge Summary: Win 72.2% | Stop 44.4% | Avg 24h 0.14%,MACD نسبت به کندل قبل ضعیف‌تر شده است. | حجم فعلی ضعیف‌تر از میانگین اخیر است؛ احتمال شکست فیک بیشتر می‌شود.,okx,,
4ec6a78928f39356,2026-07-05T07:51:46.015713+00:00,2026-07-05 04:00:00,BTC/USDT,4h,62999.9,LONG,67,Medium,Low,WATCHLIST,False,"62,832 - 63,101","62,192","[""63,673"", ""64,211"", ""64,750""]",28,28,25,30,0,20,6,12,0,25,,,,,,روند کوتاه‌مدت صعودی و هم‌راستاست؛ قیمت بالای میانگین‌های مهم قرار دارد. | قیمت بالای EMA10 است؛ مومنتوم کوتاه‌مدت هنوز حفظ شده است. | RSI در محدوده سالم مومنتوم صعودی است: 64.8 | RSI نسبت به کندل قبل کمی افزایش یافته است: +2.0 | MACD در ناحیه مثبت است. | کندل فعلی مثبت بسته شده است. | بدنه کندل قوی است و فشار خرید واضح‌تر دیده می‌شود. | قیمت بالای EMA10 است؛ مومنتوم کوتاه‌مدت هنوز حفظ شده است. | ساختار Higher High دیده می‌شود؛ سقف جدید بالاتر از سقف قبلی است. | ساختار Higher Low دیده می‌شود؛ کف جدید بالاتر از کف قبلی است. | Market Regime صعودی است و Bias لانگ را تأیید می‌کند. | Adaptive: مومنتوم در جهت رژیم صعودی تأیید شده است. | 18 نمونه مشابه نتیجه‌دار پیدا شد؛ میانگین شباهت 91%. | Win Rate تاریخی قابل قبول است: 66.7% | Target 1 در نمونه‌های مشابه زیاد خورده است: 66.7% | Historical Edge Summary: Win 66.7% | Stop 50.0% | Avg 24h -0.17%,MACD نسبت به کندل قبل ضعیف‌تر شده است. | حجم فعلی ضعیف‌تر از میانگین اخیر است؛ احتمال شکست فیک بیشتر می‌شود. | کندل هم‌جهت است اما حجم برای تأیید حرکت کافی نیست. | Adaptive: با وجود رژیم صعودی، حجم هنوز تأیید کافی نداده است. | Stop Rate تاریخی متوسط/بالاست: 50.0%,okx,,
d3963955fcdedca9,2026-07-05T09:05:11.788543+00:00,2026-07-05 08:00:00,BTC/USDT,4h,62893.7,LONG,63,Medium,Low,WATCHLIST,False,"62,733 - 62,990","62,124","[""63,535"", ""64,049"", ""64,562""]",28,28,17,30,0,20,8,12,-5,25,,,,,,روند کوتاه‌مدت صعودی و هم‌راستاست؛ قیمت بالای میانگین‌های مهم قرار دارد. | قیمت بالای EMA10 است؛ مومنتوم کوتاه‌مدت هنوز حفظ شده است. | RSI در محدوده سالم مومنتوم صعودی است: 63.0 | MACD در ناحیه مثبت است. | قیمت بالای EMA10 است؛ مومنتوم کوتاه‌مدت هنوز حفظ شده است. | ساختار Higher High دیده می‌شود؛ سقف جدید بالاتر از سقف قبلی است. | ساختار Higher Low دیده می‌شود؛ کف جدید بالاتر از کف قبلی است. | قیمت نزدیک حمایت ساختاری حوالی 62598.10 قرار دارد. | Market Regime صعودی است و Bias لانگ را تأیید می‌کند. | Adaptive: در رژیم صعودی، Trend و Structure قوی وزن بیشتری می‌گیرند. | 16 نمونه مشابه نتیجه‌دار پیدا شد؛ میانگین شباهت 88%. | Win Rate تاریخی قابل قبول است: 68.8% | Target 1 در نمونه‌های مشابه زیاد خورده است: 68.8% | Historical Edge Summary: Win 68.8% | Stop 43.8% | Avg 24h 0.19%,MACD نسبت به کندل قبل ضعیف‌تر شده است. | کندل فعلی خلاف Bias لانگ بسته شده است. | حجم فعلی ضعیف‌تر از میانگین اخیر است؛ احتمال شکست فیک بیشتر می‌شود. | کندل فعلی خلاف Bias لانگ بسته شده است. | Adaptive: با وجود رژیم صعودی، حجم هنوز تأیید کافی نداده است.,kucoin,,
9d6fb5dfbac52331,2026-07-05T09:18:00.529341+00:00,2026-07-05 08:00:00,BTC/USDT,4h,62873.0,LONG,59,Medium,Low,WATCHLIST,False,"62,712 - 62,969","62,101","[""63,516"", ""64,030"", ""64,545""]",28,28,17,30,0,20,8,12,-5,25,,,,,,روند کوتاه‌مدت صعودی و هم‌راستاست؛ قیمت بالای میانگین‌های مهم قرار دارد. | قیمت بالای EMA10 است؛ مومنتوم کوتاه‌مدت هنوز حفظ شده است. | RSI در محدوده سالم مومنتوم صعودی است: 62.7 | MACD در ناحیه مثبت است. | قیمت بالای EMA10 است؛ مومنتوم کوتاه‌مدت هنوز حفظ شده است. | ساختار Higher High دیده می‌شود؛ سقف جدید بالاتر از سقف قبلی است. | ساختار Higher Low دیده می‌شود؛ کف جدید بالاتر از کف قبلی است. | قیمت نزدیک حمایت ساختاری حوالی 62598.10 قرار دارد. | Market Regime صعودی است و Bias لانگ را تأیید می‌کند. | Adaptive: در رژیم صعودی، Trend و Structure قوی وزن بیشتری می‌گیرند. | 16 نمونه مشابه نتیجه‌دار پیدا شد؛ میانگین شباهت 88%. | Win Rate تاریخی قابل قبول است: 68.8% | Target 1 در نمونه‌های مشابه زیاد خورده است: 68.8% | Historical Edge Summary: Win 68.8% | Stop 43.8% | Avg 24h 0.22%,MACD نسبت به کندل قبل ضعیف‌تر شده است. | کندل فعلی خلاف Bias لانگ بسته شده است. | حجم فعلی ضعیف‌تر از میانگین اخیر است؛ احتمال شکست فیک بیشتر می‌شود. | کندل فعلی خلاف Bias لانگ بسته شده است. | Adaptive: با وجود رژیم صعودی، حجم هنوز تأیید کافی نداده است. | Multi-Timeframe عمدتاً خنثی است؛ برای Bias LONG تأیید کافی ندارد: 65%,kucoin,,
3ed3beb8a0142741,2026-07-05T09:31:03.556607+00:00,2026-07-05 08:00:00,BTC/USDT,4h,62729.4,NEUTRAL,33,Low,Low,MONITOR_ONLY,False,نامشخص,نامشخص,[],17,28,17,30,0,20,8,12,-5,25,,,,,,قیمت بالای میانگین ۳۰ کندلی است؛ فشار روند بیشتر به سمت خریداران است. | قیمت بالای EMA10 است؛ مومنتوم کوتاه‌مدت هنوز حفظ شده است. | RSI در محدوده سالم مومنتوم صعودی است: 60.6 | MACD در ناحیه مثبت است. | قیمت بالای EMA10 است؛ مومنتوم کوتاه‌مدت هنوز حفظ شده است. | ساختار Higher High دیده می‌شود؛ سقف جدید بالاتر از سقف قبلی است. | ساختار Higher Low دیده می‌شود؛ کف جدید بالاتر از کف قبلی است. | قیمت نزدیک حمایت ساختاری حوالی 62598.10 قرار دارد. | Market Regime صعودی است و Bias لانگ را تأیید می‌کند. | Historical Edge Summary: Win 33.3% | Stop 100.0% | Avg 24h -1.47%,RSI نسبت به کندل قبل افت قابل توجهی داشته است: -4.2 | MACD نسبت به کندل قبل ضعیف‌تر شده است. | کندل فعلی خلاف Bias لانگ بسته شده است. | حجم فعلی ضعیف‌تر از میانگین اخیر است؛ احتمال شکست فیک بیشتر می‌شود. | کندل فعلی خلاف Bias لانگ بسته شده است. | Adaptive: با وجود رژیم صعودی، حجم هنوز تأیید کافی نداده است. | نمونه تاریخی قابل ارزیابی کافی نیست؛ فقط 3 نمونه نتیجه‌دار وجود دارد. | Multi-Timeframe خنثی/ناهم‌راستا است؛ تایم‌فریم‌های بالاتر هنوز Bias NEUTRAL را تأیید نمی‌کنند: 100%,kucoin,,
d20cf69165d7b25f,2026-07-05T09:43:52.367078+00:00,2026-07-05 08:00:00,BTC/USDT,4h,62532.1,NEUTRAL,16,Low,Low,MONITOR_ONLY,False,نامشخص,نامشخص,[],11,28,8,30,0,20,6,12,-5,25,,,,,,قیمت بالای میانگین ۳۰ کندلی است؛ فشار روند بیشتر به سمت خریداران است. | RSI در محدوده سالم مومنتوم صعودی است: 58.0 | ساختار Higher High دیده می‌شود؛ سقف جدید بالاتر از سقف قبلی است. | ساختار Higher Low دیده می‌شود؛ کف جدید بالاتر از کف قبلی است. | Market Regime صعودی است و Bias لانگ را تأیید می‌کند.,RSI نسبت به کندل قبل افت قابل توجهی داشته است: -6.8 | MACD هنوز ناحیه مثبت را تأیید نکرده است. | MACD نسبت به کندل قبل ضعیف‌تر شده است. | کندل فعلی با سناریوی LONG هم‌راستا نیست. | قیمت زیر EMA10 است؛ مومنتوم کوتاه‌مدت ضعیف‌تر شده است. | حجم فعلی ضعیف‌تر از میانگین اخیر است؛ احتمال شکست فیک بیشتر می‌شود. | کندل فعلی با سناریوی LONG هم‌راستا نیست. | Adaptive: با وجود رژیم صعودی، حجم هنوز تأیید کافی نداده است. | نمونه تاریخی قابل ارزیابی کافی نیست؛ فقط 0 نمونه نتیجه‌دار وجود دارد. | هیچ نمونه تاریخی مشابهی برای Historical Edge پیدا نشد. | Multi-Timeframe خنثی/ناهم‌راستا است؛ تایم‌فریم‌های بالاتر هنوز Bias NEUTRAL را تأیید نمی‌کنند: 85%,kucoin,,
b2ff192282909211,2026-07-05T14:17:06.718075+00:00,2026-07-05 12:00:00,BTC/USDT,4h,62707.0,NEUTRAL,31,Low,Low,MONITOR_ONLY,False,نامشخص,نامشخص,[],17,28,16,30,0,20,6,12,-4,25,,,,,,قیمت بالای میانگین ۳۰ کندلی است؛ فشار روند بیشتر به سمت خریداران است. | قیمت بالای EMA10 است؛ مومنتوم کوتاه‌مدت هنوز حفظ شده است. | RSI در محدوده سالم مومنتوم صعودی است: 60.1 | RSI نسبت به کندل قبل کمی افزایش یافته است: +0.5 | کندل فعلی مثبت بسته شده است. | قیمت بالای EMA10 است؛ مومنتوم کوتاه‌مدت هنوز حفظ شده است. | ساختار Higher High دیده می‌شود؛ سقف جدید بالاتر از سقف قبلی است. | ساختار Higher Low دیده می‌شود؛ کف جدید بالاتر از کف قبلی است. | Market Regime صعودی است و Bias لانگ را تأیید می‌کند. | Historical Edge Summary: Win 50.0% | Stop 100.0% | Avg 24h -1.49%,MACD هنوز ناحیه مثبت را تأیید نکرده است. | MACD نسبت به کندل قبل ضعیف‌تر شده است. | کندل مثبت است اما بدنه آن ضعیف است. | حجم فعلی ضعیف‌تر از میانگین اخیر است؛ احتمال شکست فیک بیشتر می‌شود. | هم حجم پایین است و هم بدنه کندل ضعیف؛ بازار هنوز مشارکت جدی ندارد. | بدنه کندل نسبت به دامنه ضعیف است؛ احتمال عدم قطعیت یا جذب نقدینگی وجود دارد. | Adaptive: با وجود رژیم صعودی، حجم هنوز تأیید کافی نداده است. | نمونه تاریخی قابل ارزیابی کافی نیست؛ فقط 2 نمونه نتیجه‌دار وجود دارد. | Multi-Timeframe خنثی/ناهم‌راستا است؛ تایم‌فریم‌های بالاتر هنوز Bias NEUTRAL را تأیید نمی‌کنند: 100%,kucoin,,
120e189be1e70388,2026-07-05T15:16:50.844227+00:00,2026-07-05 12:00:00,BTC/USDT,4h,62822.7,NEUTRAL,36,Low,Low,MONITOR_ONLY,False,نامشخص,نامشخص,[],17,28,17,30,0,20,6,12,0,25,,,,,,قیمت بالای میانگین ۳۰ کندلی است؛ فشار روند بیشتر به سمت خریداران است. | قیمت بالای EMA10 است؛ مومنتوم کوتاه‌مدت هنوز حفظ شده است. | RSI در محدوده سالم مومنتوم صعودی است: 61.2 | RSI نسبت به کندل قبل کمی افزایش یافته است: +1.6 | کندل فعلی مثبت بسته شده است. | بدنه کندل قابل قبول است. | قیمت بالای EMA10 است؛ مومنتوم کوتاه‌مدت هنوز حفظ شده است. | ساختار Higher High دیده می‌شود؛ سقف جدید بالاتر از سقف قبلی است. | ساختار Higher Low دیده می‌شود؛ کف جدید بالاتر از کف قبلی است. | Market Regime صعودی است و Bias لانگ را تأیید می‌کند. | Learning overrides موجود است اما enabled=false است؛ هیچ تغییری اعمال نمی‌شود. | Historical Edge Summary: Win 25.0% | Stop 100.0% | Avg 24h -1.52%,MACD هنوز ناحیه مثبت را تأیید نکرده است. | MACD نسبت به کندل قبل ضعیف‌تر شده است. | حجم فعلی ضعیف‌تر از میانگین اخیر است؛ احتمال شکست فیک بیشتر می‌شود. | Learning Override اعمال نشد. Status=DISABLED | Adaptive: با وجود رژیم صعودی، حجم هنوز تأیید کافی نداده است. | نمونه تاریخی قابل ارزیابی کافی نیست؛ فقط 4 نمونه نتیجه‌دار وجود دارد. | Multi-Timeframe خنثی/ناهم‌راستا است؛ تایم‌فریم‌های بالاتر هنوز Bias NEUTRAL را تأیید نمی‌کنند: 100%,kucoin,,
6343d5fda70f7ead,2026-07-05T15:23:54.922545+00:00,2026-07-05 12:00:00,BTC/USDT,4h,62739.2,NEUTRAL,31,Low,Low,MONITOR_ONLY,False,نامشخص,نامشخص,[],17,28,16,30,0,20,6,12,-4,25,,,,,,قیمت بالای میانگین ۳۰ کندلی است؛ فشار روند بیشتر به سمت خریداران است. | قیمت بالای EMA10 است؛ مومنتوم کوتاه‌مدت هنوز حفظ شده است. | RSI در محدوده سالم مومنتوم صعودی است: 60.4 | RSI نسبت به کندل قبل کمی افزایش یافته است: +0.8 | کندل فعلی مثبت بسته شده است. | قیمت بالای EMA10 است؛ مومنتوم کوتاه‌مدت هنوز حفظ شده است. | ساختار Higher High دیده می‌شود؛ سقف جدید بالاتر از سقف قبلی است. | ساختار Higher Low دیده می‌شود؛ کف جدید بالاتر از کف قبلی است. | Market Regime صعودی است و Bias لانگ را تأیید می‌کند. | Learning overrides موجود است اما enabled=false است؛ هیچ تغییری اعمال نمی‌شود. | Historical Edge Summary: Win 50.0% | Stop 100.0% | Avg 24h -1.49%,MACD هنوز ناحیه مثبت را تأیید نکرده است. | MACD نسبت به کندل قبل ضعیف‌تر شده است. | کندل مثبت است اما بدنه آن ضعیف است. | حجم فعلی ضعیف‌تر از میانگین اخیر است؛ احتمال شکست فیک بیشتر می‌شود. | هم حجم پایین است و هم بدنه کندل ضعیف؛ بازار هنوز مشارکت جدی ندارد. | بدنه کندل نسبت به دامنه ضعیف است؛ احتمال عدم قطعیت یا جذب نقدینگی وجود دارد. | Learning Override اعمال نشد. Status=DISABLED | Adaptive: با وجود رژیم صعودی، حجم هنوز تأیید کافی نداده است. | نمونه تاریخی قابل ارزیابی کافی نیست؛ فقط 2 نمونه نتیجه‌دار وجود دارد. | Multi-Timeframe خنثی/ناهم‌راستا است؛ تایم‌فریم‌های بالاتر هنوز Bias NEUTRAL را تأیید نمی‌کنند: 100%,kucoin,,
e4b687ee00cfdd03,2026-07-05T15:35:44.513485+00:00,2026-07-05 12:00:00,BTC/USDT,4h,62831.1,NEUTRAL,36,Low,Low,MONITOR_ONLY,False,نامشخص,نامشخص,[],17,28,17,30,0,20,6,12,0,25,,,,,,قیمت بالای میانگین ۳۰ کندلی است؛ فشار روند بیشتر به سمت خریداران است. | قیمت بالای EMA10 است؛ مومنتوم کوتاه‌مدت هنوز حفظ شده است. | RSI در محدوده سالم مومنتوم صعودی است: 61.3 | RSI نسبت به کندل قبل کمی افزایش یافته است: +1.7 | کندل فعلی مثبت بسته شده است. | بدنه کندل قابل قبول است. | قیمت بالای EMA10 است؛ مومنتوم کوتاه‌مدت هنوز حفظ شده است. | ساختار Higher High دیده می‌شود؛ سقف جدید بالاتر از سقف قبلی است. | ساختار Higher Low دیده می‌شود؛ کف جدید بالاتر از کف قبلی است. | Market Regime صعودی است و Bias لانگ را تأیید می‌کند. | Learning overrides موجود است اما enabled=false است؛ هیچ تغییری اعمال نمی‌شود. | Historical Edge Summary: Win 25.0% | Stop 100.0% | Avg 24h -1.52%,MACD هنوز ناحیه مثبت را تأیید نکرده است. | MACD نسبت به کندل قبل ضعیف‌تر شده است. | حجم فعلی ضعیف‌تر از میانگین اخیر است؛ احتمال شکست فیک بیشتر می‌شود. | کندل هم‌جهت است اما حجم برای تأیید حرکت کافی نیست. | Learning Override اعمال نشد. Status=DISABLED | Adaptive: با وجود رژیم صعودی، حجم هنوز تأیید کافی نداده است. | نمونه تاریخی قابل ارزیابی کافی نیست؛ فقط 4 نمونه نتیجه‌دار وجود دارد. | Multi-Timeframe خنثی/ناهم‌راستا است؛ تایم‌فریم‌های بالاتر هنوز Bias NEUTRAL را تأیید نمی‌کنند: 100%,kucoin,,
af0089d5a911079a,2026-07-05T15:49:35.363397+00:00,2026-07-05 12:00:00,BTC/USDT,4h,62723.8,NEUTRAL,31,Low,Low,MONITOR_ONLY,False,نامشخص,نامشخص,[],17,28,16,30,0,20,6,12,-4,25,,,,,,قیمت بالای میانگین ۳۰ کندلی است؛ فشار روند بیشتر به سمت خریداران است. | قیمت بالای EMA10 است؛ مومنتوم کوتاه‌مدت هنوز حفظ شده است. | RSI در محدوده سالم مومنتوم صعودی است: 60.3 | RSI نسبت به کندل قبل کمی افزایش یافته است: +0.7 | کندل فعلی مثبت بسته شده است. | قیمت بالای EMA10 است؛ مومنتوم کوتاه‌مدت هنوز حفظ شده است. | ساختار Higher High دیده می‌شود؛ سقف جدید بالاتر از سقف قبلی است. | ساختار Higher Low دیده می‌شود؛ کف جدید بالاتر از کف قبلی است. | Market Regime صعودی است و Bias لانگ را تأیید می‌کند. | Learning overrides موجود است اما enabled=false است؛ هیچ تغییری اعمال نمی‌شود. | Historical Edge Summary: Win 50.0% | Stop 100.0% | Avg 24h -1.49%,MACD هنوز ناحیه مثبت را تأیید نکرده است. | MACD نسبت به کندل قبل ضعیف‌تر شده است. | کندل مثبت است اما بدنه آن ضعیف است. | حجم فعلی ضعیف‌تر از میانگین اخیر است؛ احتمال شکست فیک بیشتر می‌شود. | هم حجم پایین است و هم بدنه کندل ضعیف؛ بازار هنوز مشارکت جدی ندارد. | بدنه کندل نسبت به دامنه ضعیف است؛ احتمال عدم قطعیت یا جذب نقدینگی وجود دارد. | Learning Override اعمال نشد. Status=DISABLED | Adaptive: با وجود رژیم صعودی، حجم هنوز تأیید کافی نداده است. | نمونه تاریخی قابل ارزیابی کافی نیست؛ فقط 2 نمونه نتیجه‌دار وجود دارد. | Multi-Timeframe خنثی/ناهم‌راستا است؛ تایم‌فریم‌های بالاتر هنوز Bias NEUTRAL را تأیید نمی‌کنند: 100%,kucoin,,
90ceec3959a268ff,2026-07-05T17:48:14.752367+00:00,2026-07-05 16:00:00,BTC/USDT,4h,62645.6,NEUTRAL,18,Low,Low,MONITOR_ONLY,False,نامشخص,نامشخص,[],11,28,8,30,0,20,8,12,-5,25,,,,,,TRENDING_BULL,62,5,,
0678ab66434e5aeb,2026-07-05T17:58:49.859999+00:00,2026-07-05 16:00:00,BTC/USDT,4h,62628.6,NEUTRAL,18,Low,Low,MONITOR_ONLY,False,نامشخص,نامشخص,[],11,28,8,30,0,20,8,12,-5,25,TRENDING_BULL,62,5,24,8,قیمت بالای میانگین ۳۰ کندلی است؛ فشار روند بیشتر به سمت خریداران است. | RSI در محدوده سالم مومنتوم صعودی است: 58.8 | ساختار Higher High دیده می‌شود؛ سقف جدید بالاتر از سقف قبلی است. | ساختار Higher Low دیده می‌شود؛ کف جدید بالاتر از کف قبلی است. | قیمت نزدیک حمایت ساختاری حوالی 62437.10 قرار دارد. | Market Regime صعودی است و Bias لانگ را تأیید می‌کند. | Learning overrides موجود است اما enabled=false است؛ هیچ تغییری اعمال نمی‌شود.,MACD هنوز ناحیه مثبت را تأیید نکرده است. | MACD نسبت به کندل قبل ضعیف‌تر شده است. | کندل فعلی با سناریوی LONG هم‌راستا نیست. | قیمت زیر EMA10 است؛ مومنتوم کوتاه‌مدت ضعیف‌تر شده است. | حجم فعلی ضعیف‌تر از میانگین اخیر است؛ احتمال شکست فیک بیشتر می‌شود. | کندل فعلی با سناریوی LONG هم‌راستا نیست. | Learning Override اعمال نشد. Status=DISABLED | Adaptive: با وجود رژیم صعودی، حجم هنوز تأیید کافی نداده است. | نمونه تاریخی قابل ارزیابی کافی نیست؛ فقط 0 نمونه نتیجه‌دار وجود دارد. | هیچ نمونه تاریخی مشابهی برای Historical Edge پیدا نشد. | Multi-Timeframe خنثی/ناهم‌راستا است؛ تایم‌فریم‌های بالاتر هنوز Bias NEUTRAL را تأیید نمی‌کنند: 85%,kucoin,,
740c9e42772549f9,2026-07-06T06:00:51.315373+00:00,2026-07-06 04:00:00,BTC/USDT,4h,63133.5,NEUTRAL,35,Low,Medium,MONITOR_ONLY,False,نامشخص,نامشخص,[],28,28,11,30,0,20,6,12,-7,25,TRENDING_BULL,100,5,41,0,روند کوتاه‌مدت صعودی و هم‌راستاست؛ قیمت بالای میانگین‌های مهم قرار دارد. | قیمت بالای EMA10 است؛ مومنتوم کوتاه‌مدت هنوز حفظ شده است. | RSI در محدوده سالم مومنتوم صعودی است: 60.7 | قیمت بالای EMA10 است؛ مومنتوم کوتاه‌مدت هنوز حفظ شده است. | ساختار Higher High دیده می‌شود؛ سقف جدید بالاتر از سقف قبلی است. | ساختار Higher Low دیده می‌شود؛ کف جدید بالاتر از کف قبلی است. | Market Regime صعودی است و Bias لانگ را تأیید می‌کند. | Learning overrides موجود است اما enabled=false است؛ هیچ تغییری اعمال نمی‌شود. | 11 نمونه مشابه نتیجه‌دار پیدا شد؛ میانگین شباهت 76%. | Win Rate تاریخی قابل قبول است: 63.6% | Historical Edge Summary: Win 63.6% | Stop 45.5% | Avg 24h -0.08%,MACD هنوز ناحیه مثبت را تأیید نکرده است. | MACD نسبت به کندل قبل ضعیف‌تر شده است. | کندل فعلی با سناریوی LONG هم‌راستا نیست. | حجم فعلی ضعیف‌تر از میانگین اخیر است؛ احتمال شکست فیک بیشتر می‌شود. | بدنه کندل متوسط/ضعیف است؛ قدرت حرکت هنوز کامل نیست. | کندل فعلی با سناریوی LONG هم‌راستا نیست. | Learning Override اعمال نشد. Status=DISABLED | Adaptive: با وجود رژیم صعودی، حجم هنوز تأیید کافی نداده است. | Stop Rate تاریخی متوسط/بالاست: 45.5% | Multi-Timeframe خنثی/ناهم‌راستا است؛ تایم‌فریم‌های بالاتر هنوز Bias NEUTRAL را تأیید نمی‌کنند: 100%,kucoin,,
e19f2e26336bad6a,2026-07-06T13:25:11.154659+00:00,2026-07-06 12:00:00,BTC/USDT,4h,61545.5,NEUTRAL,38,Low,Low,MONITOR_ONLY,False,نامشخص,نامشخص,[],17,28,30,30,11,20,4,12,-2,25,TRENDING_BULL,62,5,11,44,قیمت زیر میانگین ۳۰ کندلی است؛ فشار روند بیشتر به سمت فروشندگان است. | قیمت زیر EMA10 است؛ مومنتوم کوتاه‌مدت نزولی حفظ شده است. | RSI در محدوده سالم مومنتوم نزولی است: 43.3 | RSI نسبت به کندل قبل با قدرت کاهش یافته است: -9.2 | MACD در ناحیه منفی است. | MACD نسبت به کندل قبل در حال تضعیف است. | کندل فعلی منفی بسته شده است. | بدنه کندل قوی است و فشار فروش واضح‌تر دیده می‌شود. | قیمت زیر EMA10 است؛ مومنتوم نزولی کوتاه‌مدت هنوز حفظ شده است. | حجم فعلی بالاتر از میانگین اخیر است: 1.4x | حجم نسبت به کندل قبل افزایش دارد: 1.3x | کندل فعلی جهت‌دار است و با حجم قابل قبول همراه شده است. | قیمت آخرین Swing Low را شکسته است؛ شکست حمایت ساختاری حوالی 62437.10. | Learning overrides موجود است اما enabled=false است؛ هیچ تغییری اعمال نمی‌شود. | Historical Edge Summary: Win 100.0% | Stop 0.0% | Avg 24h 0.36%,با وجود Bias شورت، یک Higher High اخیر دیده می‌شود؛ ساختار کاملاً نزولی نیست. | Market Regime صعودی است و با Bias شورت تضاد دارد. | قیمت کمی از EMA10 فاصله گرفته است (1.78%). | Learning Override اعمال نشد. Status=DISABLED | Adaptive: شورت گرفتن خلاف رژیم TRENDING_BULL است. | نمونه تاریخی قابل ارزیابی کافی نیست؛ فقط 1 نمونه نتیجه‌دار وجود دارد. | Multi-Timeframe خنثی/ناهم‌راستا است؛ تایم‌فریم‌های بالاتر هنوز Bias NEUTRAL را تأیید نمی‌کنند: 85%,kucoin,,
055d1880dfc7312a,2026-07-06T13:33:02.445192+00:00,2026-07-06 12:00:00,BTC/USDT,4h,61561.9,NEUTRAL,38,Low,Low,MONITOR_ONLY,False,نامشخص,نامشخص,[],17,28,30,30,11,20,4,12,-2,25,TRENDING_BULL,62,5,11,44,قیمت زیر میانگین ۳۰ کندلی است؛ فشار روند بیشتر به سمت فروشندگان است. | قیمت زیر EMA10 است؛ مومنتوم کوتاه‌مدت نزولی حفظ شده است. | RSI در محدوده سالم مومنتوم نزولی است: 43.4 | RSI نسبت به کندل قبل با قدرت کاهش یافته است: -9.1 | MACD در ناحیه منفی است. | MACD نسبت به کندل قبل در حال تضعیف است. | کندل فعلی منفی بسته شده است. | بدنه کندل قوی است و فشار فروش واضح‌تر دیده می‌شود. | قیمت زیر EMA10 است؛ مومنتوم نزولی کوتاه‌مدت هنوز حفظ شده است. | حجم فعلی بالاتر از میانگین اخیر است: 1.6x | حجم نسبت به کندل قبل افزایش دارد: 1.4x | کندل فعلی جهت‌دار است و با حجم قابل قبول همراه شده است. | قیمت آخرین Swing Low را شکسته است؛ شکست حمایت ساختاری حوالی 62437.10. | Learning overrides موجود است اما enabled=false است؛ هیچ تغییری اعمال نمی‌شود. | Historical Edge Summary: Win 100.0% | Stop 0.0% | Avg 24h 0.36%,با وجود Bias شورت، یک Higher High اخیر دیده می‌شود؛ ساختار کاملاً نزولی نیست. | Market Regime صعودی است و با Bias شورت تضاد دارد. | قیمت کمی از EMA10 فاصله گرفته است (1.76%). | Learning Override اعمال نشد. Status=DISABLED | Adaptive: شورت گرفتن خلاف رژیم TRENDING_BULL است. | نمونه تاریخی قابل ارزیابی کافی نیست؛ فقط 1 نمونه نتیجه‌دار وجود دارد. | Multi-Timeframe خنثی/ناهم‌راستا است؛ تایم‌فریم‌های بالاتر هنوز Bias NEUTRAL را تأیید نمی‌کنند: 100%,kucoin,,
09ce1fb638454be2,2026-07-06T14:23:49.512304+00:00,2026-07-06 12:00:00,BTC/USDT,4h,61992.4,NEUTRAL,38,Low,Low,MONITOR_ONLY,False,نامشخص,نامشخص,[],17,28,28,30,11,20,4,12,0,25,TRENDING_BULL,62,5,19,44,قیمت زیر میانگین ۳۰ کندلی است؛ فشار روند بیشتر به سمت فروشندگان است. | قیمت زیر EMA10 است؛ مومنتوم کوتاه‌مدت نزولی حفظ شده است. | RSI در محدوده سالم مومنتوم نزولی است: 47.2 | RSI نسبت به کندل قبل با قدرت کاهش یافته است: -5.3 | MACD در ناحیه منفی است. | MACD نسبت به کندل قبل در حال تضعیف است. | کندل فعلی منفی بسته شده است. | بدنه کندل قابل قبول است. | قیمت زیر EMA10 است؛ مومنتوم نزولی کوتاه‌مدت هنوز حفظ شده است. | حجم فعلی بسیار بالاتر از میانگین اخیر است: 2.1x | حجم نسبت به کندل قبل جهش قابل‌توجهی دارد: 2.0x | قیمت آخرین Swing Low را شکسته است؛ شکست حمایت ساختاری حوالی 62437.10. | Learning overrides موجود است اما enabled=false است؛ هیچ تغییری اعمال نمی‌شود.,با وجود Bias شورت، یک Higher High اخیر دیده می‌شود؛ ساختار کاملاً نزولی نیست. | Market Regime صعودی است و با Bias شورت تضاد دارد. | Learning Override اعمال نشد. Status=DISABLED | Adaptive: شورت گرفتن خلاف رژیم TRENDING_BULL است. | نمونه تاریخی قابل ارزیابی کافی نیست؛ فقط 0 نمونه نتیجه‌دار وجود دارد. | هیچ نمونه تاریخی مشابهی برای Historical Edge پیدا نشد. | Multi-Timeframe خنثی/ناهم‌راستا است؛ تایم‌فریم‌های بالاتر هنوز Bias NEUTRAL را تأیید نمی‌کنند: 100%,kucoin,,
1102b59be0b7de01,2026-07-06T17:57:22.622926+00:00,2026-07-06 16:00:00,BTC/USDT,4h,63576.7,LONG,49,Low,Low,NOT_ACTIONABLE,False,"63,382 - 63,693","62,643","[""64,355"", ""64,977"", ""65,600""]",28,28,19,30,0,20,6,12,-4,25,TRENDING_BULL,100,5,55,0,روند کوتاه‌مدت صعودی و هم‌راستاست؛ قیمت بالای میانگین‌های مهم قرار دارد. | قیمت بالای EMA10 است؛ مومنتوم کوتاه‌مدت هنوز حفظ شده است. | RSI در محدوده سالم مومنتوم صعودی است: 61.9 | RSI نسبت به کندل قبل کمی افزایش یافته است: +0.2 | MACD نسبت به کندل قبل در حال بهبود است. | کندل فعلی مثبت بسته شده است. | قیمت بالای EMA10 است؛ مومنتوم کوتاه‌مدت هنوز حفظ شده است. | ساختار Higher High دیده می‌شود؛ سقف جدید بالاتر از سقف قبلی است. | ساختار Higher Low دیده می‌شود؛ کف جدید بالاتر از کف قبلی است. | Market Regime صعودی است و Bias لانگ را تأیید می‌کند. | Learning overrides موجود است اما enabled=false است؛ هیچ تغییری اعمال نمی‌شود. | 16 نمونه مشابه نتیجه‌دار پیدا شد؛ میانگین شباهت 89%. | Win Rate تاریخی قابل قبول است: 68.8% | Target 1 در نمونه‌های مشابه زیاد خورده است: 68.8% | Historical Edge Summary: Win 68.8% | Stop 50.0% | Avg 24h 0.15%,MACD هنوز ناحیه مثبت را تأیید نکرده است. | کندل مثبت است اما بدنه آن ضعیف است. | حجم فعلی ضعیف‌تر از میانگین اخیر است؛ احتمال شکست فیک بیشتر می‌شود. | بدنه کندل نسبت به دامنه ضعیف است؛ احتمال عدم قطعیت یا جذب نقدینگی وجود دارد. | Learning Override اعمال نشد. Status=DISABLED | Adaptive: با وجود رژیم صعودی، حجم هنوز تأیید کافی نداده است. | Stop Rate تاریخی متوسط/بالاست: 50.0% | Multi-Timeframe خنثی/ناهم‌راستا است؛ تایم‌فریم‌های بالاتر هنوز Bias LONG را تأیید نمی‌کنند: 65%,kucoin,,
86f05b0fe8adfbd6,2026-07-06T23:54:30.492140+00:00,2026-07-06 20:00:00,BTC/USDT,4h,64112.3,LONG,63,Medium,Low,WATCHLIST,False,"63,912 - 64,233","63,150","[""64,914"", ""65,555"", ""66,197""]",28,28,22,30,0,20,7,12,-2,25,TRENDING_BULL,62,5,69,0,روند کوتاه‌مدت صعودی و هم‌راستاست؛ قیمت بالای میانگین‌های مهم قرار دارد. | قیمت بالای EMA10 است؛ مومنتوم کوتاه‌مدت هنوز حفظ شده است. | RSI صعودی است ولی کمی داغ شده: 65.7 | RSI نسبت به کندل قبل کمی افزایش یافته است: +2.6 | MACD در ناحیه مثبت است. | MACD نسبت به کندل قبل در حال بهبود است. | کندل فعلی مثبت بسته شده است. | قیمت بالای EMA10 است؛ مومنتوم کوتاه‌مدت هنوز حفظ شده است. | ساختار Higher High دیده می‌شود؛ سقف جدید بالاتر از سقف قبلی است. | قیمت آخرین Swing High را شکسته است؛ شکست مقاومت ساختاری حوالی 63993.20. | Market Regime صعودی است و Bias لانگ را تأیید می‌کند. | Learning overrides موجود است اما enabled=false است؛ هیچ تغییری اعمال نمی‌شود. | Adaptive: مومنتوم در جهت رژیم صعودی تأیید شده است. | 15 نمونه مشابه نتیجه‌دار پیدا شد؛ میانگین شباهت 90%. | Win Rate تاریخی قوی است: 86.7% | میانگین بازده 24h کمی مثبت است: 0.49% | Target 1 در نمونه‌های مشابه زیاد خورده است: 86.7% | Historical Edge Summary: Win 86.7% | Stop 46.7% | Avg 24h 0.49%,RSI بالاست؛ احتمال پولبک کوتاه‌مدت وجود دارد. | کندل مثبت است اما بدنه آن ضعیف است. | حجم فعلی ضعیف‌تر از میانگین اخیر است؛ احتمال شکست فیک بیشتر می‌شود. | با وجود Bias لانگ، یک Lower Low اخیر دیده می‌شود؛ ساختار کاملاً تمیز نیست. | بدنه کندل متوسط/ضعیف است؛ قدرت حرکت هنوز کامل نیست. | Learning Override اعمال نشد. Status=DISABLED | Adaptive: با وجود رژیم صعودی، حجم هنوز تأیید کافی نداده است. | Stop Rate تاریخی متوسط/بالاست: 46.7% | Multi-Timeframe خنثی/ناهم‌راستا است؛ تایم‌فریم‌های بالاتر هنوز Bias LONG را تأیید نمی‌کنند: 65%,kucoin,,
2eaf3b9ad9adfdef,2026-07-07T11:26:34.899570+00:00,2026-07-07 08:00:00,BTC/USDT,4h,63203.1,NEUTRAL,22,Low,Low,MONITOR_ONLY,False,نامشخص,نامشخص,[],11,28,13,30,5,20,3,12,-4,25,UNKNOWN,25,0,28,17,قیمت بالای میانگین ۳۰ کندلی است؛ فشار روند بیشتر به سمت خریداران است. | RSI در محدوده سالم مومنتوم صعودی است: 55.4 | RSI نسبت به کندل قبل کمی افزایش یافته است: +1.0 | کندل فعلی مثبت بسته شده است. | حجم فعلی حداقل هم‌سطح میانگین اخیر است. | حجم نسبت به کندل قبل افزایش دارد: 1.6x | ساختار Higher High دیده می‌شود؛ سقف جدید بالاتر از سقف قبلی است. | Learning overrides موجود است اما enabled=false است؛ هیچ تغییری اعمال نمی‌شود.,MACD هنوز ناحیه مثبت را تأیید نکرده است. | MACD نسبت به کندل قبل ضعیف‌تر شده است. | کندل مثبت است اما بدنه آن ضعیف است. | قیمت زیر EMA10 است؛ مومنتوم کوتاه‌مدت ضعیف‌تر شده است. | با وجود Bias لانگ، یک Lower Low اخیر دیده می‌شود؛ ساختار کاملاً تمیز نیست. | Market Regime با اطمینان کافی تشخیص داده نشد. | بدنه کندل نسبت به دامنه ضعیف است؛ احتمال عدم قطعیت یا جذب نقدینگی وجود دارد. | Learning Override اعمال نشد. Status=DISABLED | Adaptive: Market Regime نامشخص است؛ تنظیم خاصی اعمال نشد. | نمونه تاریخی قابل ارزیابی کافی نیست؛ فقط 0 نمونه نتیجه‌دار وجود دارد. | هیچ نمونه تاریخی مشابهی برای Historical Edge پیدا نشد. | Multi-Timeframe خنثی/ناهم‌راستا است؛ تایم‌فریم‌های بالاتر هنوز Bias NEUTRAL را تأیید نمی‌کنند: 100%,kucoin,,
c773f3c70658f65e,2026-07-07T12:50:45.844155+00:00,2026-07-07 12:00:00,BTC/USDT,4h,63510.8,LONG,49,Low,Low,NOT_ACTIONABLE,False,"63,319 - 63,626","62,589","[""64,279"", ""64,894"", ""65,508""]",28,28,19,30,0,20,6,12,-4,25,TRENDING_BULL,100,5,55,0,روند کوتاه‌مدت صعودی و هم‌راستاست؛ قیمت بالای میانگین‌های مهم قرار دارد. | قیمت بالای EMA10 است؛ مومنتوم کوتاه‌مدت هنوز حفظ شده است. | RSI در محدوده سالم مومنتوم صعودی است: 58.0 | RSI نسبت به کندل قبل کمی افزایش یافته است: +0.9 | MACD نسبت به کندل قبل در حال بهبود است. | کندل فعلی مثبت بسته شده است. | قیمت بالای EMA10 است؛ مومنتوم کوتاه‌مدت هنوز حفظ شده است. | ساختار Higher High دیده می‌شود؛ سقف جدید بالاتر از سقف قبلی است. | ساختار Higher Low دیده می‌شود؛ کف جدید بالاتر از کف قبلی است. | Market Regime صعودی است و Bias لانگ را تأیید می‌کند. | Learning overrides موجود است اما enabled=false است؛ هیچ تغییری اعمال نمی‌شود. | 15 نمونه مشابه نتیجه‌دار پیدا شد؛ میانگین شباهت 89%. | Win Rate تاریخی قابل قبول است: 66.7% | Target 1 در نمونه‌های مشابه زیاد خورده است: 66.7% | Historical Edge Summary: Win 66.7% | Stop 46.7% | Avg 24h 0.16%,MACD هنوز ناحیه مثبت را تأیید نکرده است. | کندل مثبت است اما بدنه آن ضعیف است. | حجم فعلی ضعیف‌تر از میانگین اخیر است؛ احتمال شکست فیک بیشتر می‌شود. | هم حجم پایین است و هم بدنه کندل ضعیف؛ بازار هنوز مشارکت جدی ندارد. | بدنه کندل نسبت به دامنه ضعیف است؛ احتمال عدم قطعیت یا جذب نقدینگی وجود دارد. | Learning Override اعمال نشد. Status=DISABLED | Adaptive: با وجود رژیم صعودی، حجم هنوز تأیید کافی نداده است. | Stop Rate تاریخی متوسط/بالاست: 46.7% | Multi-Timeframe خنثی/ناهم‌راستا است؛ تایم‌فریم‌های بالاتر هنوز Bias LONG را تأیید نمی‌کنند: 65%,kucoin,4,12
0a09219f00e35fac,2026-07-07T15:40:48.725757+00:00,2026-07-07 12:00:00,BTC/USDT,4h,63788.3,LONG,66,Medium,Low,WATCHLIST,False,"63,581 - 63,913","62,794","[""64,617"", ""65,279"", ""65,942""]",28,28,21,30,5,20,3,12,-2,25,TRENDING_BULL,62,5,68,0,روند کوتاه‌مدت صعودی و هم‌راستاست؛ قیمت بالای میانگین‌های مهم قرار دارد. | قیمت بالای EMA10 است؛ مومنتوم کوتاه‌مدت هنوز حفظ شده است. | RSI در محدوده سالم مومنتوم صعودی است: 60.2 | RSI نسبت به کندل قبل با قدرت افزایش یافته است: +3.1 | MACD نسبت به کندل قبل در حال بهبود است. | کندل فعلی مثبت بسته شده است. | قیمت بالای EMA10 است؛ مومنتوم کوتاه‌مدت هنوز حفظ شده است. | حجم فعلی بالاتر از میانگین اخیر است: 1.6x | ساختار Higher High دیده می‌شود؛ سقف جدید بالاتر از سقف قبلی است. | Market Regime صعودی است و Bias لانگ را تأیید می‌کند. | Learning overrides موجود است اما enabled=false است؛ هیچ تغییری اعمال نمی‌شود. | 17 نمونه مشابه نتیجه‌دار پیدا شد؛ میانگین شباهت 82%. | Win Rate تاریخی قوی است: 76.5% | Target 1 در نمونه‌های مشابه زیاد خورده است: 76.5% | Historical Edge Summary: Win 76.5% | Stop 47.1% | Avg 24h 0.18%,MACD هنوز ناحیه مثبت را تأیید نکرده است. | کندل مثبت است اما بدنه آن ضعیف است. | با وجود Bias لانگ، یک Lower Low اخیر دیده می‌شود؛ ساختار کاملاً تمیز نیست. | بدنه کندل متوسط/ضعیف است؛ قدرت حرکت هنوز کامل نیست. | Learning Override اعمال نشد. Status=DISABLED | Stop Rate تاریخی متوسط/بالاست: 47.1% | اجماع تایم‌فریم‌ها ضعیف است؛ کیفیت تصمیم کاهش پیدا می‌کند.,kucoin,8,12
c1076bda549a5f61,2026-07-07T19:20:40.034531+00:00,2026-07-07 16:00:00,BTC/USDT,4h,63509.0,NEUTRAL,30,Low,Low,MONITOR_ONLY,False,نامشخص,نامشخص,[],28,28,11,30,0,20,3,12,-5,25,TRENDING_BULL,62,5,36,4,روند کوتاه‌مدت صعودی و هم‌راستاست؛ قیمت بالای میانگین‌های مهم قرار دارد. | قیمت بالای EMA10 است؛ مومنتوم کوتاه‌مدت هنوز حفظ شده است. | RSI در محدوده سالم مومنتوم صعودی است: 56.5 | قیمت بالای EMA10 است؛ مومنتوم کوتاه‌مدت هنوز حفظ شده است. | ساختار Higher High دیده می‌شود؛ سقف جدید بالاتر از سقف قبلی است. | Market Regime صعودی است و Bias لانگ را تأیید می‌کند. | Learning overrides موجود است اما enabled=false است؛ هیچ تغییری اعمال نمی‌شود. | 7 نمونه مشابه نتیجه‌دار پیدا شد؛ میانگین شباهت 76%. | Historical Edge Summary: Win 57.1% | Stop 57.1% | Avg 24h -0.44%,RSI نسبت به کندل قبل افت قابل توجهی داشته است: -4.8 | MACD هنوز ناحیه مثبت را تأیید نکرده است. | MACD نسبت به کندل قبل ضعیف‌تر شده است. | کندل فعلی با سناریوی LONG هم‌راستا نیست. | حجم فعلی ضعیف‌تر از میانگین اخیر است؛ احتمال شکست فیک بیشتر می‌شود. | با وجود Bias لانگ، یک Lower Low اخیر دیده می‌شود؛ ساختار کاملاً تمیز نیست. | کندل فعلی با سناریوی LONG هم‌راستا نیست. | Learning Override اعمال نشد. Status=DISABLED | Adaptive: با وجود رژیم صعودی، حجم هنوز تأیید کافی نداده است. | Stop Rate تاریخی متوسط/بالاست: 57.1% | Multi-Timeframe خنثی/ناهم‌راستا است؛ تایم‌فریم‌های بالاتر هنوز Bias NEUTRAL را تأیید نمی‌کنند: 100%,kucoin,-3,12
a2775e3a287b70db,2026-07-07T23:34:17.041999+00:00,2026-07-07 20:00:00,BTC/USDT,4h,63584.3,NEUTRAL,35,Low,Medium,MONITOR_ONLY,False,نامشخص,نامشخص,[],28,28,11,30,0,20,6,12,-7,25,TRENDING_BULL,100,5,41,0,روند کوتاه‌مدت صعودی و هم‌راستاست؛ قیمت بالای میانگین‌های مهم قرار دارد. | قیمت بالای EMA10 است؛ مومنتوم کوتاه‌مدت هنوز حفظ شده است. | RSI در محدوده سالم مومنتوم صعودی است: 57.1 | قیمت بالای EMA10 است؛ مومنتوم کوتاه‌مدت هنوز حفظ شده است. | ساختار Higher High دیده می‌شود؛ سقف جدید بالاتر از سقف قبلی است. | ساختار Higher Low دیده می‌شود؛ کف جدید بالاتر از کف قبلی است. | Market Regime صعودی است و Bias لانگ را تأیید می‌کند. | Learning overrides موجود است اما enabled=false است؛ هیچ تغییری اعمال نمی‌شود. | 11 نمونه مشابه نتیجه‌دار پیدا شد؛ میانگین شباهت 76%. | Win Rate تاریخی قابل قبول است: 63.6% | Historical Edge Summary: Win 63.6% | Stop 45.5% | Avg 24h -0.08%,MACD هنوز ناحیه مثبت را تأیید نکرده است. | MACD نسبت به کندل قبل ضعیف‌تر شده است. | کندل فعلی با سناریوی LONG هم‌راستا نیست. | حجم فعلی ضعیف‌تر از میانگین اخیر است؛ احتمال شکست فیک بیشتر می‌شود. | هم حجم پایین است و هم بدنه کندل ضعیف؛ بازار هنوز مشارکت جدی ندارد. | بدنه کندل متوسط/ضعیف است؛ قدرت حرکت هنوز کامل نیست. | کندل فعلی با سناریوی LONG هم‌راستا نیست. | Learning Override اعمال نشد. Status=DISABLED | Adaptive: با وجود رژیم صعودی، حجم هنوز تأیید کافی نداده است. | Stop Rate تاریخی متوسط/بالاست: 45.5% | Multi-Timeframe خنثی/ناهم‌راستا است؛ تایم‌فریم‌های بالاتر هنوز Bias NEUTRAL را تأیید نمی‌کنند: 100%,kucoin,1,12
6a43591943ce3847,2026-07-08T09:33:08.695600+00:00,2026-07-08 08:00:00,BTC/USDT,4h,62088.6,NEUTRAL,41,Low,Low,MONITOR_ONLY,False,نامشخص,نامشخص,[],17,28,30,30,2,20,7,12,-2,25,UNKNOWN,25,0,0,47,قیمت زیر میانگین ۳۰ کندلی است؛ فشار روند بیشتر به سمت فروشندگان است. | قیمت زیر EMA10 است؛ مومنتوم کوتاه‌مدت نزولی حفظ شده است. | RSI در محدوده سالم مومنتوم نزولی است: 42.9 | RSI نسبت به کندل قبل با قدرت کاهش یافته است: -7.0 | MACD در ناحیه منفی است. | MACD نسبت به کندل قبل در حال تضعیف است. | کندل فعلی منفی بسته شده است. | بدنه کندل قوی است و فشار فروش واضح‌تر دیده می‌شود. | قیمت زیر EMA10 است؛ مومنتوم نزولی کوتاه‌مدت هنوز حفظ شده است. | حجم نسبت به کندل قبل افزایش دارد: 1.6x | ساختار Lower High دیده می‌شود؛ سقف جدید پایین‌تر از سقف قبلی است. | قیمت آخرین Swing Low را شکسته است؛ شکست حمایت ساختاری حوالی 62676.70. | Learning overrides موجود است اما enabled=false است؛ هیچ تغییری اعمال نمی‌شود. | 5 نمونه مشابه نتیجه‌دار پیدا شد؛ میانگین شباهت 78%. | Win Rate تاریخی قابل قبول است: 60.0% | Historical Edge Summary: Win 60.0% | Stop 80.0% | Avg 24h -0.77%,حجم فعلی ضعیف‌تر از میانگین اخیر است؛ احتمال شکست فیک بیشتر می‌شود. | کندل هم‌جهت است اما حجم برای تأیید حرکت کافی نیست. | Market Regime با اطمینان کافی تشخیص داده نشد. | قیمت کمی از EMA10 فاصله گرفته است (1.53%). | Learning Override اعمال نشد. Status=DISABLED | Adaptive: Market Regime نامشخص است؛ تنظیم خاصی اعمال نشد. | میانگین بازده 24h منفی است: -0.77% | Stop Rate تاریخی بالاست: 80.0% | Multi-Timeframe خنثی/ناهم‌راستا است؛ تایم‌فریم‌های بالاتر هنوز Bias NEUTRAL را تأیید نمی‌کنند: 85%,kucoin,-7,12
590b7028829eaf1b,2026-07-08T17:14:42.501707+00:00,2026-07-08 16:00:00,BTC/USDT,4h,62065.2,NEUTRAL,35,Low,Low,MONITOR_ONLY,False,نامشخص,نامشخص,[],28,28,20,30,0,20,7,12,-5,25,TRENDING_BEAR,37,5,0,41,روند کوتاه‌مدت نزولی و هم‌راستاست؛ قیمت زیر میانگین‌های مهم قرار دارد. | قیمت زیر EMA10 است؛ مومنتوم کوتاه‌مدت نزولی حفظ شده است. | RSI در محدوده سالم مومنتوم نزولی است: 43.7 | MACD در ناحیه منفی است. | MACD نسبت به کندل قبل در حال تضعیف است. | قیمت زیر EMA10 است؛ مومنتوم نزولی کوتاه‌مدت هنوز حفظ شده است. | ساختار Lower High دیده می‌شود؛ سقف جدید پایین‌تر از سقف قبلی است. | قیمت آخرین Swing Low را شکسته است؛ شکست حمایت ساختاری حوالی 62676.70. | Market Regime نزولی است و Bias شورت را تأیید می‌کند. | Learning overrides موجود است اما enabled=false است؛ هیچ تغییری اعمال نمی‌شود. | 20 نمونه مشابه نتیجه‌دار پیدا شد؛ میانگین شباهت 84%. | Historical Edge Summary: Win 50.0% | Stop 80.0% | Avg 24h -1.02%,کندل فعلی با سناریوی SHORT هم‌راستا نیست. | حجم فعلی ضعیف‌تر از میانگین اخیر است؛ احتمال شکست فیک بیشتر می‌شود. | کندل فعلی با سناریوی SHORT هم‌راستا نیست. | Learning Override اعمال نشد. Status=DISABLED | Adaptive: با وجود رژیم نزولی، حجم هنوز تأیید کافی نداده است. | میانگین بازده 24h منفی است: -1.02% | Stop Rate تاریخی بالاست: 80.0% | Multi-Timeframe خنثی/ناهم‌راستا است؛ تایم‌فریم‌های بالاتر هنوز Bias NEUTRAL را تأیید نمی‌کنند: 100%,kucoin,-11,12
6a47ef8e8f85e111,2026-07-09T00:20:47.348884+00:00,2026-07-09 00:00:00,BTC/USDT,4h,62178.3,SHORT,46,Low,Low,NOT_ACTIONABLE,False,"62,064 - 62,369","63,093","[""61,416"", ""60,806"", ""60,196""]",28,28,25,30,0,20,6,12,0,25,TRENDING_BEAR,75,5,0,52,روند کوتاه‌مدت نزولی و هم‌راستاست؛ قیمت زیر میانگین‌های مهم قرار دارد. | قیمت زیر EMA10 است؛ مومنتوم کوتاه‌مدت نزولی حفظ شده است. | RSI در محدوده سالم مومنتوم نزولی است: 44.9 | RSI نسبت به کندل قبل کمی کاهش یافته است: -1.0 | MACD در ناحیه منفی است. | کندل فعلی منفی بسته شده است. | بدنه کندل قوی است و فشار فروش واضح‌تر دیده می‌شود. | قیمت زیر EMA10 است؛ مومنتوم نزولی کوتاه‌مدت هنوز حفظ شده است. | ساختار Lower High دیده می‌شود؛ سقف جدید پایین‌تر از سقف قبلی است. | ساختار Lower Low دیده می‌شود؛ کف جدید پایین‌تر از کف قبلی است. | Market Regime نزولی است و Bias شورت را تأیید می‌کند. | Learning overrides موجود است اما enabled=false است؛ هیچ تغییری اعمال نمی‌شود. | Adaptive: مومنتوم در جهت رژیم نزولی تأیید شده است. | 20 نمونه مشابه نتیجه‌دار پیدا شد؛ میانگین شباهت 87%. | Historical Edge Summary: Win 45.0% | Stop 85.0% | Avg 24h -1.28%,MACD نسبت به کندل قبل بهتر شده و فشار فروش ضعیف‌تر است. | حجم فعلی ضعیف‌تر از میانگین اخیر است؛ احتمال شکست فیک بیشتر می‌شود. | کندل هم‌جهت است اما حجم برای تأیید حرکت کافی نیست. | Learning Override اعمال نشد. Status=DISABLED | Adaptive: با وجود رژیم نزولی، حجم هنوز تأیید کافی نداده است. | میانگین بازده 24h منفی است: -1.28% | Stop Rate تاریخی بالاست: 85.0% | Multi-Timeframe خنثی/ناهم‌راستا است؛ تایم‌فریم‌های بالاتر هنوز Bias SHORT را تأیید نمی‌کنند: 65%,kucoin,-11,12
efde5793295b9eb9,2026-07-09T09:03:20.108046+00:00,2026-07-09 08:00:00,BTC/USDT,4h,62920.9,NEUTRAL,24,Low,Low,MONITOR_ONLY,False,نامشخص,نامشخص,[],11,28,13,30,0,20,6,12,-2,25,TRENDING_BEAR,37,5,0,30,قیمت زیر میانگین ۳۰ کندلی است؛ فشار روند بیشتر به سمت فروشندگان است. | RSI نسبت به کندل قبل کمی کاهش یافته است: -0.7 | MACD در ناحیه منفی است. | کندل فعلی منفی بسته شده است. | ساختار Lower High دیده می‌شود؛ سقف جدید پایین‌تر از سقف قبلی است. | ساختار Lower Low دیده می‌شود؛ کف جدید پایین‌تر از کف قبلی است. | Market Regime نزولی است و Bias شورت را تأیید می‌کند. | Learning overrides موجود است اما enabled=false است؛ هیچ تغییری اعمال نمی‌شود.,RSI هنوز کاملاً نزولی نیست: 52.2 | MACD نسبت به کندل قبل بهتر شده و فشار فروش ضعیف‌تر است. | کندل منفی است اما بدنه آن ضعیف است. | قیمت بالای EMA10 است؛ مومنتوم نزولی کوتاه‌مدت ضعیف‌تر شده است. | حجم فعلی ضعیف‌تر از میانگین اخیر است؛ احتمال شکست فیک بیشتر می‌شود. | هم حجم پایین است و هم بدنه کندل ضعیف؛ بازار هنوز مشارکت جدی ندارد. | بدنه کندل متوسط/ضعیف است؛ قدرت حرکت هنوز کامل نیست. | Learning Override اعمال نشد. Status=DISABLED | Adaptive: با وجود رژیم نزولی، حجم هنوز تأیید کافی نداده است. | نمونه تاریخی قابل ارزیابی کافی نیست؛ فقط 0 نمونه نتیجه‌دار وجود دارد. | هیچ نمونه تاریخی مشابهی برای Historical Edge پیدا نشد. | Multi-Timeframe خنثی/ناهم‌راستا است؛ تایم‌فریم‌های بالاتر هنوز Bias NEUTRAL را تأیید نمی‌کنند: 85%,kucoin,0,12
