symbol,timeframe,side,score,confidence,confidence_label,risk_label,actionability,regime,mtf_direction,mtf_consensus,mtf_quality,rank_score,provider,price,notes,opportunity_score,quality_label,quality_stars,recommendation,trade_quality_grade,trade_quality_score,first_rr,best_rr,recommended_risk_pct,position_notional,expected_drawdown_pct,historical_win_probability,probability_ci_low,probability_ci_high,expected_r,calibration_samples,calibration_status,calibration_usable,allocation_pct,shadow_allocation_pct,decision_timestamp,entry_zone,stop_zone,targets,breadth_mode,breadth_strength,breadth_market_agreement,breadth_opportunity_strength,breadth_risk_tone,breadth_bullish_pct,breadth_bearish_pct,breadth_neutral_pct,breadth_avg_opportunity,daily_report_file
BNB/USDT,4h,LONG,58,56,Low-Medium,Low,WATCHLIST,TRENDING_BULL,NEUTRAL,65,MIXED,69.2,kucoin,582.689,ارزش زیرنظر گرفتن دارد | MTF هنوز جهت‌دار نیست,,,,,,,,,,,,,,,,,,,,,,,,,,,,,,,,,,
DOGE/USDT,4h,NEUTRAL,35,27,Low,Low,MONITOR_ONLY,TRENDING_BULL,NEUTRAL,100,NEUTRAL_DOMINANT,1.05,kraken,0.07645,فعلاً فقط مانیتور شود | MTF هنوز جهت‌دار نیست,,,,,,,,,,,,,,,,,,,,,,,,,,,,,,,,,,
ETH/USDT,4h,NEUTRAL,33,25,Low,Low,MONITOR_ONLY,TRENDING_BULL,NEUTRAL,100,NEUTRAL_DOMINANT,0.0,kucoin,1763.54,فعلاً فقط مانیتور شود | MTF هنوز جهت‌دار نیست,,,,,,,,,,,,,,,,,,,,,,,,,,,,,,,,,,
BTC/USDT,4h,NEUTRAL,31,23,Low,Low,MONITOR_ONLY,TRENDING_BULL,NEUTRAL,100,NEUTRAL_DOMINANT,0.0,kucoin,62695.4,فعلاً فقط مانیتور شود | MTF هنوز جهت‌دار نیست,,,,,,,,,,,,,,,,,,,,,,,,,,,,,,,,,,
XRP/USDT,4h,NEUTRAL,22,14,Low,Low,MONITOR_ONLY,TRENDING_BULL,NEUTRAL,85,NEUTRAL_DOMINANT,0.0,kucoin,1.1319,فعلاً فقط مانیتور شود | MTF هنوز جهت‌دار نیست,,,,,,,,,,,,,,,,,,,,,,,,,,,,,,,,,,
SOL/USDT,4h,NEUTRAL,17,13,Low,Low,MONITOR_ONLY,QUIET,NEUTRAL,100,NEUTRAL_DOMINANT,0.0,kucoin,80.85,فعلاً فقط مانیتور شود | MTF هنوز جهت‌دار نیست,,,,,,,,,,,,,,,,,,,,,,,,,,,,,,,,,,
BNB/USDT,4h,LONG,58,56,Low-Medium,Low,WATCHLIST,TRENDING_BULL,NEUTRAL,65,MIXED,59.59,53.01,Weak,⭐⭐,,,,,,,,,,,,,,,,,,,,,,,,,,,,,,,,,,
BTC/USDT,4h,NEUTRAL,36,28,Low,Low,MONITOR_ONLY,TRENDING_BULL,NEUTRAL,100,NEUTRAL_DOMINANT,7.89,5.25,Ignore,⭐,,,,,,,,,,,,,,,,,,,,,,,,,,,,,,,,,,
ETH/USDT,4h,NEUTRAL,36,28,Low,Low,MONITOR_ONLY,TRENDING_BULL,NEUTRAL,100,NEUTRAL_DOMINANT,7.89,5.25,Ignore,⭐,,,,,,,,,,,,,,,,,,,,,,,,,,,,,,,,,,
DOGE/USDT,4h,NEUTRAL,31,22,Low,Low,MONITOR_ONLY,TRENDING_BULL,NEUTRAL,100,NEUTRAL_DOMINANT,4.21,2.0,Ignore,⭐,,,,,,,,,,,,,,,,,,,,,,,,,,,,,,,,,,
SOL/USDT,4h,NEUTRAL,27,22,Low,Low,MONITOR_ONLY,QUIET,NEUTRAL,100,NEUTRAL_DOMINANT,2.61,0.6,Ignore,⭐,,,,,,,,,,,,,,,,,,,,,,,,,,,,,,,,,,
XRP/USDT,4h,NEUTRAL,24,16,Low,Low,MONITOR_ONLY,TRENDING_BULL,NEUTRAL,85,NEUTRAL_DOMINANT,1.68,0.0,Ignore,⭐,,,,,,,,,,,,,,,,,,,,,,,,,,,,,,,,,,
BNB/USDT,4h,LONG,54,52,Low-Medium,Low,NOT_ACTIONABLE,TRENDING_BULL,NEUTRAL,65,MIXED,41.17,34.91,Ignore,⭐,,,,,,,,,,,,,,,,,,,,,,,,,,,,,,,,,,
ETH/USDT,4h,NEUTRAL,36,28,Low,Low,MONITOR_ONLY,TRENDING_BULL,NEUTRAL,100,NEUTRAL_DOMINANT,7.89,5.25,Ignore,⭐,,,,,,,,,,,,,,,,,,,,,,,,,,,,,,,,,,
DOGE/USDT,4h,NEUTRAL,33,24,Low,Low,MONITOR_ONLY,TRENDING_BULL,NEUTRAL,100,NEUTRAL_DOMINANT,5.57,3.2,Ignore,⭐,,,,,,,,,,,,,,,,,,,,,,,,,,,,,,,,,,
BTC/USDT,4h,NEUTRAL,31,23,Low,Low,MONITOR_ONLY,TRENDING_BULL,NEUTRAL,100,NEUTRAL_DOMINANT,3.99,1.75,Ignore,⭐,,,,,,,,,,,,,,,,,,,,,,,,,,,,,,,,,,
SOL/USDT,4h,NEUTRAL,25,20,Low,Low,MONITOR_ONLY,QUIET,NEUTRAL,100,NEUTRAL_DOMINANT,1.85,0.0,Ignore,⭐,,,,,,,,,,,,,,,,,,,,,,,,,,,,,,,,,,
XRP/USDT,4h,NEUTRAL,24,16,Low,Low,MONITOR_ONLY,TRENDING_BULL,NEUTRAL,85,NEUTRAL_DOMINANT,1.68,0.0,Ignore,⭐,,,,,,,,,,,,,,,,,,,,,,,,,,,,,,,,,,
BNB/USDT,4h,LONG,54,52,Low-Medium,Low,NOT_ACTIONABLE,TRENDING_BULL,NEUTRAL,65,MIXED,41.17,34.91,Ignore,⭐,,,,,,,,,,,,,,,,,,,,,,,,,,,,,,,,,,
DOGE/USDT,4h,LONG,44,36,Low,Low,NOT_ACTIONABLE,TRENDING_BULL,NEUTRAL,65,MIXED,33.89,28.61,Ignore,⭐,,,,,,,,,,,,,,,,,,,,,,,,,,,,,,,,,,
ETH/USDT,4h,NEUTRAL,36,28,Low,Low,MONITOR_ONLY,TRENDING_BULL,NEUTRAL,100,NEUTRAL_DOMINANT,7.89,5.25,Ignore,⭐,,,,,,,,,,,,,,,,,,,,,,,,,,,,,,,,,,
BTC/USDT,4h,NEUTRAL,31,23,Low,Low,MONITOR_ONLY,TRENDING_BULL,NEUTRAL,100,NEUTRAL_DOMINANT,3.99,1.75,Ignore,⭐,,,,,,,,,,,,,,,,,,,,,,,,,,,,,,,,,,
SOL/USDT,4h,NEUTRAL,23,19,Low,Low,MONITOR_ONLY,QUIET,NEUTRAL,100,NEUTRAL_DOMINANT,1.72,0.0,Ignore,⭐,,,,,,,,,,,,,,,,,,,,,,,,,,,,,,,,,,
XRP/USDT,4h,NEUTRAL,24,16,Low,Low,MONITOR_ONLY,TRENDING_BULL,NEUTRAL,100,NEUTRAL_DOMINANT,1.68,0.0,Ignore,⭐,,,,,,,,,,,,,,,,,,,,,,,,,,,,,,,,,,
BNB/USDT,4h,LONG,54,52,Low-Medium,Low,NOT_ACTIONABLE,TRENDING_BULL,NEUTRAL,65,MIXED,41.17,34.91,Ignore,⭐,,,,,,,,,,,,,,,,,,,,,,,,,,,,,,,,,,
DOGE/USDT,4h,LONG,44,36,Low,Low,NOT_ACTIONABLE,TRENDING_BULL,NEUTRAL,65,MIXED,33.89,28.61,Ignore,⭐,,,,,,,,,,,,,,,,,,,,,,,,,,,,,,,,,,
ETH/USDT,4h,NEUTRAL,36,28,Low,Low,MONITOR_ONLY,TRENDING_BULL,NEUTRAL,100,NEUTRAL_DOMINANT,7.89,5.25,Ignore,⭐,,,,,,,,,,,,,,,,,,,,,,,,,,,,,,,,,,
BTC/USDT,4h,NEUTRAL,31,23,Low,Low,MONITOR_ONLY,TRENDING_BULL,NEUTRAL,100,NEUTRAL_DOMINANT,3.99,1.75,Ignore,⭐,,,,,,,,,,,,,,,,,,,,,,,,,,,,,,,,,,
XRP/USDT,4h,NEUTRAL,27,19,Low,Low,MONITOR_ONLY,TRENDING_BULL,NEUTRAL,100,NEUTRAL_DOMINANT,1.92,0.0,Ignore,⭐,,,,,,,,,,,,,,,,,,,,,,,,,,,,,,,,,,
SOL/USDT,4h,NEUTRAL,25,20,Low,Low,MONITOR_ONLY,QUIET,NEUTRAL,100,NEUTRAL_DOMINANT,1.85,0.0,Ignore,⭐,,,,,,,,,,,,,,,,,,,,,,,,,,,,,,,,,,
DOGE/USDT,4h,LONG,59,50,Low-Medium,Low,WATCHLIST,TRENDING_BULL,NEUTRAL,65,MIXED,58.81,52.36,Weak,⭐⭐,,,,,,,,,,,,,,,,,,,,,,,,,,,,,,,,,,
BNB/USDT,4h,LONG,54,52,Low-Medium,Low,NOT_ACTIONABLE,TRENDING_BULL,NEUTRAL,65,MIXED,41.17,34.91,Ignore,⭐,,,,,,,,,,,,,,,,,,,,,,,,,,,,,,,,,,
SOL/USDT,4h,NEUTRAL,36,31,Low,Low,MONITOR_ONLY,QUIET,NEUTRAL,100,NEUTRAL_DOMINANT,8.73,6.0,Ignore,⭐,,,,,,,,,,,,,,,,,,,,,,,,,,,,,,,,,,
ETH/USDT,4h,NEUTRAL,36,28,Low,Low,MONITOR_ONLY,TRENDING_BULL,NEUTRAL,100,NEUTRAL_DOMINANT,7.89,5.25,Ignore,⭐,,,,,,,,,,,,,,,,,,,,,,,,,,,,,,,,,,
BTC/USDT,4h,NEUTRAL,33,25,Low,Low,MONITOR_ONLY,TRENDING_BULL,NEUTRAL,100,NEUTRAL_DOMINANT,5.35,2.95,Ignore,⭐,,,,,,,,,,,,,,,,,,,,,,,,,,,,,,,,,,
XRP/USDT,4h,NEUTRAL,27,19,Low,Low,MONITOR_ONLY,TRENDING_BULL,NEUTRAL,100,NEUTRAL_DOMINANT,1.92,0.0,Ignore,⭐,,,,,,,,,,,,,,,,,,,,,,,,,,,,,,,,,,
BNB/USDT,4h,LONG,60,57,Low-Medium,Low,WATCHLIST,TRENDING_BULL,NEUTRAL,65,MIXED,60.67,53.96,Weak,⭐⭐,,,,,,,,,,,,,,,,,,,,,,,,,,,,,,,,,,
DOGE/USDT,4h,LONG,52,46,Low-Medium,Low,NOT_ACTIONABLE,TRENDING_BULL,NEUTRAL,65,MIXED,39.89,33.91,Ignore,⭐,,,,,,,,,,,,,,,,,,,,,,,,,,,,,,,,,,
ETH/USDT,4h,LONG,44,43,Low-Medium,Low,NOT_ACTIONABLE,TRENDING_BULL,NEUTRAL,65,MIXED,35.85,30.36,Ignore,⭐,,,,,,,,,,,,,,,,,,,,,,,,,,,,,,,,,,
BTC/USDT,4h,NEUTRAL,33,25,Low,Low,MONITOR_ONLY,TRENDING_BULL,NEUTRAL,100,NEUTRAL_DOMINANT,5.35,2.95,Ignore,⭐,,,,,,,,,,,,,,,,,,,,,,,,,,,,,,,,,,
SOL/USDT,4h,NEUTRAL,31,19,Low,Low,MONITOR_ONLY,UNKNOWN,NEUTRAL,100,NEUTRAL_DOMINANT,3.37,1.25,Ignore,⭐,,,,,,,,,,,,,,,,,,,,,,,,,,,,,,,,,,
XRP/USDT,4h,NEUTRAL,24,16,Low,Low,MONITOR_ONLY,TRENDING_BULL,NEUTRAL,100,NEUTRAL_DOMINANT,1.68,0.0,Ignore,⭐,,,,,,,,,,,,,,,,,,,,,,,,,,,,,,,,,,
DOGE/USDT,4h,LONG,70,78,Medium,Low,ACTIONABLE,TRENDING_BULL,NEUTRAL,65,MIXED,82.05,74.21,Strong,⭐⭐⭐⭐,,,,,,,,,,,,,,,,,,,,,,,,,,,,,,,,,,
BNB/USDT,4h,LONG,60,53,Low-Medium,Low,WATCHLIST,TRENDING_BULL,LONG,50,CONFLICTED,75.04,68.45,Good,⭐⭐⭐,,,,,,,,,,,,,,,,,,,,,,,,,,,,,,,,,,
ETH/USDT,4h,LONG,48,53,Low-Medium,Low,NOT_ACTIONABLE,TRENDING_BULL,NEUTRAL,65,MIXED,40.25,34.26,Ignore,⭐,,,,,,,,,,,,,,,,,,,,,,,,,,,,,,,,,,
SOL/USDT,4h,NEUTRAL,42,30,Low,Low,MONITOR_ONLY,UNKNOWN,NEUTRAL,100,NEUTRAL_DOMINANT,10.85,7.85,Ignore,⭐,,,,,,,,,,,,,,,,,,,,,,,,,,,,,,,,,,
BTC/USDT,4h,NEUTRAL,36,28,Low,Low,MONITOR_ONLY,TRENDING_BULL,NEUTRAL,100,NEUTRAL_DOMINANT,7.89,5.25,Ignore,⭐,,,,,,,,,,,,,,,,,,,,,,,,,,,,,,,,,,
XRP/USDT,4h,NEUTRAL,36,28,Low,Low,MONITOR_ONLY,TRENDING_BULL,NEUTRAL,100,NEUTRAL_DOMINANT,7.89,5.25,Ignore,⭐,,,,,,,,,,,,,,,,,,,,,,,,,,,,,,,,,,
BNB/USDT,4h,LONG,64,57,Low-Medium,Low,WATCHLIST,TRENDING_BULL,LONG,50,CONFLICTED,78.46,71.55,Good,⭐⭐⭐,,,,,,,,,,,,,,,,,,,,,,,,,,,,,,,,,,
DOGE/USDT,4h,LONG,54,48,Low-Medium,Low,NOT_ACTIONABLE,TRENDING_BULL,NEUTRAL,65,MIXED,41.25,35.11,Ignore,⭐,,,,,,,,,,,,,,,,,,,,,,,,,,,,,,,,,,
ETH/USDT,4h,LONG,44,43,Low-Medium,Low,NOT_ACTIONABLE,TRENDING_BULL,NEUTRAL,65,MIXED,35.85,30.36,Ignore,⭐,,,,,,,,,,,,,,,,,,,,,,,,,,,,,,,,,,
BTC/USDT,4h,NEUTRAL,31,23,Low,Low,MONITOR_ONLY,TRENDING_BULL,NEUTRAL,85,NEUTRAL_DOMINANT,3.99,1.75,Ignore,⭐,,,,,,,,,,,,,,,,,,,,,,,,,,,,,,,,,,
SOL/USDT,4h,NEUTRAL,31,19,Low,Low,MONITOR_ONLY,UNKNOWN,NEUTRAL,100,NEUTRAL_DOMINANT,3.37,1.25,Ignore,⭐,,,,,,,,,,,,,,,,,,,,,,,,,,,,,,,,,,
XRP/USDT,4h,NEUTRAL,24,16,Low,Low,MONITOR_ONLY,TRENDING_BULL,NEUTRAL,100,NEUTRAL_DOMINANT,1.68,0.0,Ignore,⭐,,,,,,,,,,,,,,,,,,,,,,,,,,,,,,,,,,
BNB/USDT,4h,LONG,60,57,Low-Medium,Low,WATCHLIST,TRENDING_BULL,NEUTRAL,65,MIXED,60.67,53.96,Weak,⭐⭐,,,,,,,,,,,,,,,,,,,,,,,,,,,,,,,,,,
DOGE/USDT,4h,LONG,59,50,Low-Medium,Low,WATCHLIST,TRENDING_BULL,NEUTRAL,65,MIXED,58.81,52.36,Weak,⭐⭐,,,,,,,,,,,,,,,,,,,,,,,,,,,,,,,,,,
ETH/USDT,4h,LONG,44,43,Low-Medium,Low,NOT_ACTIONABLE,TRENDING_BULL,NEUTRAL,65,MIXED,35.85,30.36,Ignore,⭐,,,,,,,,,,,,,,,,,,,,,,,,,,,,,,,,,,
SOL/USDT,4h,NEUTRAL,40,28,Low,Low,MONITOR_ONLY,UNKNOWN,NEUTRAL,100,NEUTRAL_DOMINANT,9.49,6.65,Ignore,⭐,,,,,,,,,,,,,,,,,,,,,,,,,,,,,,,,,,
BTC/USDT,4h,NEUTRAL,31,23,Low,Low,MONITOR_ONLY,TRENDING_BULL,NEUTRAL,100,NEUTRAL_DOMINANT,3.99,1.75,Ignore,⭐,,,,,,,,,,,,,,,,,,,,,,,,,,,,,,,,,,
XRP/USDT,4h,NEUTRAL,24,16,Low,Low,MONITOR_ONLY,TRENDING_BULL,NEUTRAL,100,NEUTRAL_DOMINANT,1.68,0.0,Ignore,⭐,,,,,,,,,,,,,,,,,,,,,,,,,,,,,,,,,,
BNB/USDT,4h,NEUTRAL,43,37,Low,Low,MONITOR_ONLY,TRENDING_BULL,NEUTRAL,100,NEUTRAL_DOMINANT,12.01,8.75,Ignore,⭐,,,,,,,,,,,,,,,,,,,,,,,,,,,,,,,,,,
ETH/USDT,4h,NEUTRAL,29,27,Low,Medium,MONITOR_ONLY,TRENDING_BULL,NEUTRAL,100,NEUTRAL_DOMINANT,2.26,0.0,Ignore,⭐,,,,,,,,,,,,,,,,,,,,,,,,,,,,,,,,,,
BTC/USDT,4h,NEUTRAL,25,19,Low,Medium,MONITOR_ONLY,TRENDING_BULL,NEUTRAL,100,NEUTRAL_DOMINANT,1.82,0.0,Ignore,⭐,,,,,,,,,,,,,,,,,,,,,,,,,,,,,,,,,,
DOGE/USDT,4h,NEUTRAL,23,16,Low,Medium,MONITOR_ONLY,TRENDING_BULL,NEUTRAL,100,NEUTRAL_DOMINANT,1.63,0.0,Ignore,⭐,,,,,,,,,,,,,,,,,,,,,,,,,,,,,,,,,,
SOL/USDT,4h,NEUTRAL,17,13,Low,Low,MONITOR_ONLY,QUIET,NEUTRAL,100,NEUTRAL_DOMINANT,1.24,0.0,Ignore,⭐,,,,,,,,,,,,,,,,,,,,,,,,,,,,,,,,,,
XRP/USDT,4h,NEUTRAL,14,7,Low,Medium,MONITOR_ONLY,TRENDING_BULL,NEUTRAL,100,NEUTRAL_DOMINANT,0.91,0.0,Ignore,⭐,,,,,,,,,,,,,,,,,,,,,,,,,,,,,,,,,,
BNB/USDT,4h,NEUTRAL,43,37,Low,Low,MONITOR_ONLY,TRENDING_BULL,NEUTRAL,100,NEUTRAL_DOMINANT,12.01,8.75,Ignore,⭐,,,,,,,,,,,,,,,,,,,,,,,,,,,,,,,,,,
ETH/USDT,4h,NEUTRAL,25,18,Low,Low,MONITOR_ONLY,TRENDING_BULL,NEUTRAL,100,NEUTRAL_DOMINANT,1.79,0.0,Ignore,⭐,,,,,,,,,,,,,,,,,,,,,,,,,,,,,,,,,,
DOGE/USDT,4h,NEUTRAL,23,16,Low,Medium,MONITOR_ONLY,TRENDING_BULL,NEUTRAL,100,NEUTRAL_DOMINANT,1.63,0.0,Ignore,⭐,,,,,,,,,,,,,,,,,,,,,,,,,,,,,,,,,,
SOL/USDT,4h,NEUTRAL,19,15,Low,Low,MONITOR_ONLY,QUIET,NEUTRAL,85,NEUTRAL_DOMINANT,1.4,0.0,Ignore,⭐,,,,,,,,,,,,,,,,,,,,,,,,,,,,,,,,,,
BTC/USDT,4h,NEUTRAL,18,12,Low,Low,MONITOR_ONLY,TRENDING_BULL,NEUTRAL,85,NEUTRAL_DOMINANT,1.26,0.0,Ignore,⭐,,,,,,,,,,,,,,,,,,,,,,,,,,,,,,,,,,
XRP/USDT,4h,NEUTRAL,18,12,Low,Low,MONITOR_ONLY,TRENDING_BULL,NEUTRAL,85,NEUTRAL_DOMINANT,1.26,0.0,Ignore,⭐,,,,,,,,,,,,,,,,,,,,,,,,,,,,,,,,,,
BNB/USDT,4h,NEUTRAL,43,37,Low,Low,MONITOR_ONLY,TRENDING_BULL,NEUTRAL,85,NEUTRAL_DOMINANT,12.01,8.75,Ignore,⭐,,,,,,,,,,,,,,,,,,,,,,,,,,,,,,,,,,
ETH/USDT,4h,NEUTRAL,25,18,Low,Low,MONITOR_ONLY,TRENDING_BULL,NEUTRAL,100,NEUTRAL_DOMINANT,1.79,0.0,Ignore,⭐,,,,,,,,,,,,,,,,,,,,,,,,,,,,,,,,,,
DOGE/USDT,4h,NEUTRAL,23,16,Low,Medium,MONITOR_ONLY,TRENDING_BULL,NEUTRAL,100,NEUTRAL_DOMINANT,1.63,0.0,Ignore,⭐,,,,,,,,,,,,,,,,,,,,,,,,,,,,,,,,,,
SOL/USDT,4h,NEUTRAL,19,15,Low,Low,MONITOR_ONLY,QUIET,NEUTRAL,85,NEUTRAL_DOMINANT,1.4,0.0,Ignore,⭐,,,,,,,,,,,,,,,,,,,,,,,,,,,,,,,,,,
BTC/USDT,4h,NEUTRAL,18,12,Low,Low,MONITOR_ONLY,TRENDING_BULL,NEUTRAL,85,NEUTRAL_DOMINANT,1.26,0.0,Ignore,⭐,,,,,,,,,,,,,,,,,,,,,,,,,,,,,,,,,,
XRP/USDT,4h,NEUTRAL,16,10,Low,Medium,MONITOR_ONLY,TRENDING_BULL,NEUTRAL,100,NEUTRAL_DOMINANT,1.1,0.0,Ignore,⭐,,,,,,,,,,,,,,,,,,,,,,,,,,,,,,,,,,
DOGE/USDT,4h,LONG,45,49,Low-Medium,Low,NOT_ACTIONABLE,TRENDING_BULL,NEUTRAL,65,MIXED,37.43,31.71,Ignore,⭐,,,,,,,,,,,,,,,,,,,,,,,,,,,,,,,,,,
ETH/USDT,4h,NEUTRAL,41,38,Low,Low,MONITOR_ONLY,TRENDING_BULL,NEUTRAL,85,NEUTRAL_DOMINANT,12.19,9.0,Ignore,⭐,,,,,,,,,,,,,,,,,,,,,,,,,,,,,,,,,,
BNB/USDT,4h,NEUTRAL,43,37,Low,Low,MONITOR_ONLY,TRENDING_BULL,NEUTRAL,100,NEUTRAL_DOMINANT,12.01,8.75,Ignore,⭐,,,,,,,,,,,,,,,,,,,,,,,,,,,,,,,,,,
XRP/USDT,4h,NEUTRAL,18,12,Low,Low,MONITOR_ONLY,TRENDING_BULL,NEUTRAL,85,NEUTRAL_DOMINANT,1.26,0.0,Ignore,⭐,,,,,,,,,,,,,,,,,,,,,,,,,,,,,,,,,,
SOL/USDT,4h,NEUTRAL,17,13,Low,Low,MONITOR_ONLY,QUIET,NEUTRAL,100,NEUTRAL_DOMINANT,1.24,0.0,Ignore,⭐,,,,,,,,,,,,,,,,,,,,,,,,,,,,,,,,,,
BTC/USDT,4h,NEUTRAL,16,10,Low,Medium,MONITOR_ONLY,TRENDING_BULL,NEUTRAL,100,NEUTRAL_DOMINANT,1.1,0.0,Ignore,⭐,,,,,,,,,,,,,,,,,,,,,,,,,,,,,,,,,,
BNB/USDT,4h,LONG,53,56,Low-Medium,Low,NOT_ACTIONABLE,TRENDING_BULL,NEUTRAL,65,MIXED,41.89,35.56,Ignore,⭐,,,,,,,,,,,,,,,,,,,,,,,,,,,,,,,,,,
DOGE/USDT,4h,LONG,45,49,Low-Medium,Low,NOT_ACTIONABLE,TRENDING_BULL,NEUTRAL,65,MIXED,37.43,31.71,Ignore,⭐,,,,,,,,,,,,,,,,,,,,,,,,,,,,,,,,,,
ETH/USDT,4h,NEUTRAL,41,38,Low,Low,MONITOR_ONLY,TRENDING_BULL,NEUTRAL,100,NEUTRAL_DOMINANT,12.19,9.0,Ignore,⭐,,,,,,,,,,,,,,,,,,,,,,,,,,,,,,,,,,
BTC/USDT,4h,NEUTRAL,18,12,Low,Low,MONITOR_ONLY,TRENDING_BULL,NEUTRAL,85,NEUTRAL_DOMINANT,1.26,0.0,Ignore,⭐,,,,,,,,,,,,,,,,,,,,,,,,,,,,,,,,,,
XRP/USDT,4h,NEUTRAL,16,10,Low,Medium,MONITOR_ONLY,TRENDING_BULL,NEUTRAL,100,NEUTRAL_DOMINANT,1.1,0.0,Ignore,⭐,,,,,,,,,,,,,,,,,,,,,,,,,,,,,,,,,,
SOL/USDT,4h,NEUTRAL,14,11,Low,Low,MONITOR_ONLY,QUIET,NEUTRAL,100,NEUTRAL_DOMINANT,1.03,0.0,Ignore,⭐,,,,,,,,,,,,,,,,,,,,,,,,,,,,,,,,,,
BTC/USDT,4h,NEUTRAL,43,34,Low,Low,MONITOR_ONLY,TRENDING_BULL,NEUTRAL,100,NEUTRAL_DOMINANT,15.55,12.38,Ignore,⭐,,,,,,,,,,,,,,,,,,,,,,,,,,,,,,,,,,
BNB/USDT,4h,NEUTRAL,39,30,Low,Low,MONITOR_ONLY,TRENDING_BULL,NEUTRAL,100,NEUTRAL_DOMINANT,8.45,5.6,Ignore,⭐,,,,,,,,,,,,,,,,,,,,,,,,,,,,,,,,,,
SOL/USDT,4h,NEUTRAL,36,25,Low,Low,MONITOR_ONLY,TRENDING_BEAR,NEUTRAL,100,NEUTRAL_DOMINANT,6.55,4.0,Ignore,⭐,,,,,,,,,,,,,,,,,,,,,,,,,,,,,,,,,,
ETH/USDT,4h,NEUTRAL,23,16,Low,Medium,MONITOR_ONLY,TRENDING_BULL,NEUTRAL,100,NEUTRAL_DOMINANT,1.63,0.0,Ignore,⭐,,,,,,,,,,,,,,,,,,,,,,,,,,,,,,,,,,
XRP/USDT,4h,NEUTRAL,23,10,Low,Low,MONITOR_ONLY,UNKNOWN,NEUTRAL,100,NEUTRAL_DOMINANT,1.45,0.0,Ignore,⭐,,,,,,,,,,,,,,,,,,,,,,,,,,,,,,,,,,
DOGE/USDT,4h,NEUTRAL,17,15,Low,Low,MONITOR_ONLY,SIDEWAYS,NEUTRAL,100,NEUTRAL_DOMINANT,1.3,0.0,Ignore,⭐,,,,,,,,,,,,,,,,,,,,,,,,,,,,,,,,,,
SOL/USDT,4h,SHORT,86,85,High,Low,ACTIONABLE,TRENDING_BEAR,SHORT,50,CONFLICTED,106.1,97.25,Elite,⭐⭐⭐⭐⭐,,,,,,,,,,,,,,,,,,,,,,,,,,,,,,,,,,
DOGE/USDT,4h,SHORT,68,48,Low-Medium,Low,WATCHLIST,UNKNOWN,SHORT,100,STRONG,89.34,82.5,Strong,⭐⭐⭐⭐,,,,,,,,,,,,,,,,,,,,,,,,,,,,,,,,,,
XRP/USDT,4h,NEUTRAL,43,41,Low-Medium,Low,MONITOR_ONLY,SIDEWAYS,NEUTRAL,100,NEUTRAL_DOMINANT,13.83,10.45,Ignore,⭐,,,,,,,,,,,,,,,,,,,,,,,,,,,,,,,,,,
BTC/USDT,4h,NEUTRAL,38,42,Low-Medium,Low,MONITOR_ONLY,TRENDING_BULL,NEUTRAL,85,NEUTRAL_DOMINANT,12.11,8.95,Ignore,⭐,,,,,,,,,,,,,,,,,,,,,,,,,,,,,,,,,,
ETH/USDT,4h,NEUTRAL,23,27,Low,Low,MONITOR_ONLY,TRENDING_BULL,NEUTRAL,85,NEUTRAL_DOMINANT,1.96,0.0,Ignore,⭐,,,,,,,,,,,,,,,,,,,,,,,,,,,,,,,,,,
BNB/USDT,4h,NEUTRAL,23,20,Low,Low,MONITOR_ONLY,SIDEWAYS,NEUTRAL,85,NEUTRAL_DOMINANT,1.75,0.0,Ignore,⭐,,,,,,,,,,,,,,,,,,,,,,,,,,,,,,,,,,
SOL/USDT,4h,SHORT,84,84,High,Low,ACTIONABLE,TRENDING_BEAR,SHORT,50,CONFLICTED,105.52,96.8,Elite,⭐⭐⭐⭐⭐,,,,,,,,,,,,,,,,,,,,,,,,,,,,,,,,,,
DOGE/USDT,4h,SHORT,75,60,Medium,Low,WATCHLIST,UNKNOWN,SHORT,100,STRONG,96.2,88.65,Elite,⭐⭐⭐⭐⭐,,,,,,,,,,,,,,,,,,,,,,,,,,,,,,,,,,
XRP/USDT,4h,NEUTRAL,43,41,Low-Medium,Low,MONITOR_ONLY,SIDEWAYS,NEUTRAL,100,NEUTRAL_DOMINANT,13.83,10.45,Ignore,⭐,,,,,,,,,,,,,,,,,,,,,,,,,,,,,,,,,,
BTC/USDT,4h,NEUTRAL,38,42,Low-Medium,Low,MONITOR_ONLY,TRENDING_BULL,NEUTRAL,100,NEUTRAL_DOMINANT,12.11,8.95,Ignore,⭐,,,,,,,,,,,,,,,,,,,,,,,,,,,,,,,,,,
ETH/USDT,4h,NEUTRAL,26,16,Low,Low,MONITOR_ONLY,TRENDING_BULL,NEUTRAL,85,NEUTRAL_DOMINANT,1.78,0.0,Ignore,⭐,,,,,,,,,,,,,,,,,,,,,,,,,,,,,,,,,,
BNB/USDT,4h,NEUTRAL,23,20,Low,Low,MONITOR_ONLY,SIDEWAYS,NEUTRAL,85,NEUTRAL_DOMINANT,1.75,0.0,Ignore,⭐,,,,,,,,,,,,,,,,,,,,,,,,,,,,,,,,,,
SOL/USDT,4h,SHORT,44,42,Low-Medium,Medium,NOT_ACTIONABLE,TRENDING_BEAR,NEUTRAL,65,MIXED,32.77,27.31,Ignore,⭐,,,,,,,,,,,,,,,,,,,,,,,,,,,,,,,,,,
BTC/USDT,4h,NEUTRAL,38,42,Low-Medium,Low,MONITOR_ONLY,TRENDING_BULL,NEUTRAL,100,NEUTRAL_DOMINANT,12.61,9.45,Ignore,⭐,,,,,,,,,,,,,,,,,,,,,,,,,,,,,,,,,,
DOGE/USDT,4h,NEUTRAL,41,36,Low,Low,MONITOR_ONLY,SIDEWAYS,NEUTRAL,85,NEUTRAL_DOMINANT,11.63,8.5,Ignore,⭐,,,,,,,,,,,,,,,,,,,,,,,,,,,,,,,,,,
XRP/USDT,4h,NEUTRAL,34,31,Low,Low,MONITOR_ONLY,SIDEWAYS,NEUTRAL,100,NEUTRAL_DOMINANT,7.43,4.8,Ignore,⭐,,,,,,,,,,,,,,,,,,,,,,,,,,,,,,,,,,
ETH/USDT,4h,NEUTRAL,24,14,Low,Medium,MONITOR_ONLY,TRENDING_BULL,NEUTRAL,85,NEUTRAL_DOMINANT,1.62,0.0,Ignore,⭐,,,,,,,,,,,,,,,,,,,,,,,,,,,,,,,,,,
BNB/USDT,4h,NEUTRAL,11,9,Low,Low,MONITOR_ONLY,SIDEWAYS,NEUTRAL,85,NEUTRAL_DOMINANT,0.82,0.0,Ignore,⭐,,,,,,,,,,,,,,,,,,,,,,,,,,,,,,,,,,
BTC/USDT,4h,LONG,49,49,Low-Medium,Low,NOT_ACTIONABLE,TRENDING_BULL,NEUTRAL,65,MIXED,41.53,35.61,Ignore,⭐,,,,,,,,,,,,,,,,,,,,,,,,,,,,,,,,,,
XRP/USDT,4h,NEUTRAL,42,33,Low,Low,MONITOR_ONLY,TRENDING_BULL,NEUTRAL,100,NEUTRAL_DOMINANT,11.19,8.1,Ignore,⭐,,,,,,,,,,,,,,,,,,,,,,,,,,,,,,,,,,
ETH/USDT,4h,NEUTRAL,35,32,Low,Medium,MONITOR_ONLY,TRENDING_BULL,NEUTRAL,100,NEUTRAL_DOMINANT,5.81,3.1,Ignore,⭐,,,,,,,,,,,,,,,,,,,,,,,,,,,,,,,,,,
BNB/USDT,4h,NEUTRAL,20,9,Low,Low,MONITOR_ONLY,UNKNOWN,NEUTRAL,100,NEUTRAL_DOMINANT,1.27,0.0,Ignore,⭐,,,,,,,,,,,,,,,,,,,,,,,,,,,,,,,,,,
SOL/USDT,4h,NEUTRAL,10,13,Low,Low,MONITOR_ONLY,TRENDING_BEAR,NEUTRAL,100,NEUTRAL_DOMINANT,0.89,0.0,Ignore,⭐,,,,,,,,,,,,,,,,,,,,,,,,,,,,,,,,,,
DOGE/USDT,4h,NEUTRAL,9,9,Low,Low,MONITOR_ONLY,SIDEWAYS,NEUTRAL,100,NEUTRAL_DOMINANT,0.72,0.0,Ignore,⭐,,,,,,,,,,,,,,,,,,,,,,,,,,,,,,,,,,
BTC/USDT,4h,LONG,63,52,Low-Medium,Low,WATCHLIST,TRENDING_BULL,NEUTRAL,65,MIXED,66.72,60.01,Good,⭐⭐⭐,,,,,,,,,,,,,,,,,,,,,,,,,,,,,,,,,,
BNB/USDT,4h,NEUTRAL,42,39,Low,Low,MONITOR_ONLY,TRENDING_BULL,NEUTRAL,100,NEUTRAL_DOMINANT,12.87,9.6,Ignore,⭐,,,,,,,,,,,,,,,,,,,,,,,,,,,,,,,,,,
ETH/USDT,4h,NEUTRAL,42,32,Low,Low,MONITOR_ONLY,TRENDING_BULL,NEUTRAL,100,NEUTRAL_DOMINANT,10.91,7.85,Ignore,⭐,,,,,,,,,,,,,,,,,,,,,,,,,,,,,,,,,,
XRP/USDT,4h,NEUTRAL,34,20,Low,Medium,MONITOR_ONLY,TRENDING_BULL,NEUTRAL,100,NEUTRAL_DOMINANT,2.3,0.0,Ignore,⭐,,,,,,,,,,,,,,,,,,,,,,,,,,,,,,,,,,
DOGE/USDT,4h,NEUTRAL,26,14,Low,Low,MONITOR_ONLY,TRENDING_BEAR,NEUTRAL,100,NEUTRAL_DOMINANT,1.72,0.0,Ignore,⭐,,,,,,,,,,,,,,,,,,,,,,,,,,,,,,,,,,
SOL/USDT,4h,NEUTRAL,11,2,Low,Low,MONITOR_ONLY,TRENDING_BEAR,NEUTRAL,100,NEUTRAL_DOMINANT,0.61,0.0,Ignore,⭐,,,,,,,,,,,,,,,,,,,,,,,,,,,,,,,,,,
DOGE/USDT,4h,SHORT,65,52,Low-Medium,Low,WATCHLIST,TRENDING_BEAR,SHORT,85,STRONG,86.21,79.4,Strong,⭐⭐⭐⭐,,,,,,,,,,,,,,,,,,,,,,,,,,,,,,,,,,
XRP/USDT,4h,SHORT,51,35,Low,Low,NOT_ACTIONABLE,TRENDING_BEAR,SHORT,50,CONFLICTED,52.6,47.0,Weak,⭐⭐,,,,,,,,,,,,,,,,,,,,,,,,,,,,,,,,,,
SOL/USDT,4h,SHORT,53,40,Low-Medium,Low,NOT_ACTIONABLE,TRENDING_BEAR,NEUTRAL,65,MIXED,38.61,32.76,Ignore,⭐,,,,,,,,,,,,,,,,,,,,,,,,,,,,,,,,,,
ETH/USDT,4h,NEUTRAL,31,19,Low,Low,MONITOR_ONLY,UNKNOWN,NEUTRAL,100,NEUTRAL_DOMINANT,3.37,1.25,Ignore,⭐,,,,,,,,,,,,,,,,,,,,,,,,,,,,,,,,,,
BTC/USDT,4h,NEUTRAL,24,11,Low,Low,MONITOR_ONLY,UNKNOWN,NEUTRAL,100,NEUTRAL_DOMINANT,1.53,0.0,Ignore,⭐,,,,,,,,,,,,,,,,,,,,,,,,,,,,,,,,,,
BNB/USDT,4h,NEUTRAL,7,7,Low,Low,MONITOR_ONLY,SIDEWAYS,NEUTRAL,100,NEUTRAL_DOMINANT,0.56,0.0,Ignore,⭐,,,,,,,,,,,,,,,,,,,,,,,,,,,,,,,,,,
BTC/USDT,4h,LONG,49,49,Low-Medium,Low,NOT_ACTIONABLE,TRENDING_BULL,NEUTRAL,65,MIXED,41.53,35.61,Ignore,⭐,,,,,,,,,,,,,,,,,,,,,,,,,,,,,,,,,,
ETH/USDT,4h,LONG,45,49,Low-Medium,Low,NOT_ACTIONABLE,TRENDING_BULL,NEUTRAL,65,MIXED,37.43,31.71,Ignore,⭐,,,,,,,,,,,,,,,,,,,,,,,,,,,,,,,,,,
DOGE/USDT,4h,NEUTRAL,47,37,Low,Medium,MONITOR_ONLY,TRENDING_BEAR,SHORT,50,CONFLICTED,11.26,7.8,Ignore,⭐,,,,,,,,,,,,,,,,,,,,,,,,,,,,,,,,,,
SOL/USDT,4h,NEUTRAL,36,28,Low,Low,MONITOR_ONLY,TRENDING_BULL,NEUTRAL,100,NEUTRAL_DOMINANT,7.39,4.75,Ignore,⭐,,,,,,,,,,,,,,,,,,,,,,,,,,,,,,,,,,
XRP/USDT,4h,NEUTRAL,29,19,Low,Medium,MONITOR_ONLY,TRENDING_BEAR,NEUTRAL,100,NEUTRAL_DOMINANT,2.02,0.0,Ignore,⭐,,,,,,,,,,,,,,,,,,,,,,,,,,,,,,,,,,
BNB/USDT,4h,NEUTRAL,9,10,Low,Low,MONITOR_ONLY,SIDEWAYS,NEUTRAL,100,NEUTRAL_DOMINANT,0.75,0.0,Ignore,⭐,,,,,,,,,,,,,,,,,,,,,,,,,,,,,,,,,,
BTC/USDT,4h,LONG,67,46,Low-Medium,Low,WATCHLIST,TRENDING_BULL,LONG,50,CONFLICTED,83.46,76.73,Strong,⭐⭐⭐⭐,,,,,,,,,,,,,,,,,,,,,,,,,,,,,,,,,,
ETH/USDT,4h,LONG,63,67,Medium,Low,WATCHLIST,TRENDING_BULL,NEUTRAL,65,MIXED,64.67,57.51,Weak,⭐⭐,,,,,,,,,,,,,,,,,,,,,,,,,,,,,,,,,,
SOL/USDT,4h,LONG,52,43,Low-Medium,Low,NOT_ACTIONABLE,TRENDING_BULL,LONG,50,CONFLICTED,54.74,48.85,Weak,⭐⭐,,,,,,,,,,,,,,,,,,,,,,,,,,,,,,,,,,
BNB/USDT,4h,LONG,50,38,Low,Low,NOT_ACTIONABLE,TRENDING_BULL,LONG,50,CONFLICTED,52.54,46.9,Weak,⭐⭐,,,,,,,,,,,,,,,,,,,,,,,,,,,,,,,,,,
DOGE/USDT,4h,SHORT,46,44,Low-Medium,Medium,NOT_ACTIONABLE,TRENDING_BEAR,NEUTRAL,65,MIXED,34.13,28.51,Ignore,⭐,,,,,,,,,,,,,,,,,,,,,,,,,,,,,,,,,,
XRP/USDT,4h,NEUTRAL,39,23,Low,Medium,MONITOR_ONLY,TRENDING_BEAR,NEUTRAL,100,NEUTRAL_DOMINANT,4.89,2.25,Ignore,⭐,,,,,,,,,,,,,,,,,,,,,,,,,,,,,,,,,,
DOGE/USDT,4h,SHORT,70,69,Medium,Low,WATCHLIST,TRENDING_BEAR,SHORT,50,CONFLICTED,84.22,76.65,Strong,⭐⭐⭐⭐,,,,,,,,,,,,,,,,,,,,,,,,,,,,,,,,,,
XRP/USDT,4h,SHORT,61,50,Low-Medium,Low,WATCHLIST,TRENDING_BEAR,NEUTRAL,65,MIXED,59.61,53.06,Weak,⭐⭐,,,,,,,,,,,,,,,,,,,,,,,,,,,,,,,,,,
SOL/USDT,4h,NEUTRAL,37,43,Low-Medium,Low,MONITOR_ONLY,TRENDING_BULL,NEUTRAL,100,NEUTRAL_DOMINANT,12.49,9.35,Ignore,⭐,,,,,,,,,,,,,,,,,,,,,,,,,,,,,,,,,,
BTC/USDT,4h,NEUTRAL,30,25,Low,Low,MONITOR_ONLY,TRENDING_BULL,NEUTRAL,100,NEUTRAL_DOMINANT,2.25,0.0,Ignore,⭐,,,,,,,,,,,,,,,,,,,,,,,,,,,,,,,,,,
ETH/USDT,4h,NEUTRAL,19,11,Low,Low,MONITOR_ONLY,TRENDING_BULL,NEUTRAL,100,NEUTRAL_DOMINANT,1.28,0.0,Ignore,⭐,,,,,,,,,,,,,,,,,,,,,,,,,,,,,,,,,,
BNB/USDT,4h,NEUTRAL,15,13,Low,Low,MONITOR_ONLY,SIDEWAYS,NEUTRAL,100,NEUTRAL_DOMINANT,1.14,0.0,Ignore,⭐,,,,,,,,,,,,,,,,,,,,,,,,,,,,,,,,,,
DOGE/USDT,4h,SHORT,69,54,Low-Medium,Low,WATCHLIST,TRENDING_BEAR,SHORT,100,STRONG,92.12,85.05,Elite,⭐⭐⭐⭐⭐,,,,,,,,,,,,,,,,,,,,,,,,,,,,,,,,,,
XRP/USDT,4h,SHORT,63,61,Medium,Low,WATCHLIST,TRENDING_BEAR,NEUTRAL,65,MIXED,63.49,56.51,Weak,⭐⭐,,,,,,,,,,,,,,,,,,,,,,,,,,,,,,,,,,
BTC/USDT,4h,NEUTRAL,35,32,Low,Medium,MONITOR_ONLY,TRENDING_BULL,NEUTRAL,100,NEUTRAL_DOMINANT,7.44,4.73,Ignore,⭐,,,,,,,,,,,,,,,,,,,,,,,,,,,,,,,,,,
SOL/USDT,4h,NEUTRAL,23,30,Low,Low,MONITOR_ONLY,TRENDING_BULL,NEUTRAL,100,NEUTRAL_DOMINANT,2.75,0.7,Ignore,⭐,,,,,,,,,,,,,,,,,,,,,,,,,,,,,,,,,,
BNB/USDT,4h,NEUTRAL,17,15,Low,Low,MONITOR_ONLY,SIDEWAYS,NEUTRAL,100,NEUTRAL_DOMINANT,1.3,0.0,Ignore,⭐,,,,,,,,,,,,,,,,,,,,,,,,,,,,,,,,,,
ETH/USDT,4h,NEUTRAL,16,9,Low,Low,MONITOR_ONLY,TRENDING_BULL,NEUTRAL,100,NEUTRAL_DOMINANT,1.07,0.0,Ignore,⭐,,,,,,,,,,,,,,,,,,,,,,,,,,,,,,,,,,
BNB/USDT,4h,SHORT,71,60,Medium,Low,WATCHLIST,TRENDING_BEAR,SHORT,85,STRONG,90.85,83.5,Strong,⭐⭐⭐⭐,,,,,,,,,,,,,,,,,,,,,,,,,,,,,,,,,,
ETH/USDT,4h,SHORT,55,46,Low-Medium,Low,WATCHLIST,UNKNOWN,SHORT,50,CONFLICTED,71.78,65.65,Good,⭐⭐⭐,,,,,,,,,,,,,,,,,,,,,,,,,,,,,,,,,,
XRP/USDT,4h,SHORT,62,59,Low-Medium,Low,WATCHLIST,TRENDING_BEAR,NEUTRAL,65,MIXED,61.33,54.46,Weak,⭐⭐,,,,,,,,,,,,,,,,,,,,,,,,,,,,,,,,,,
DOGE/USDT,4h,SHORT,53,51,Low-Medium,Medium,NOT_ACTIONABLE,TRENDING_BEAR,NEUTRAL,65,MIXED,38.89,32.71,Ignore,⭐,,,,,,,,,,,,,,,,,,,,,,,,,,,,,,,,,,
SOL/USDT,4h,NEUTRAL,39,42,Low-Medium,Low,MONITOR_ONLY,SIDEWAYS,NEUTRAL,100,NEUTRAL_DOMINANT,11.81,8.6,Ignore,⭐,,,,,,,,,,,,,,,,,,,,,,,,,,,,,,,,,,
BTC/USDT,4h,NEUTRAL,41,36,Low,Low,MONITOR_ONLY,UNKNOWN,NEUTRAL,85,NEUTRAL_DOMINANT,7.25,4.12,Ignore,⭐,,,,,,,,,,,,,,,,,,,,,,,,,,,,,,,,,,
ETH/USDT,4h,SHORT,50,45,Low-Medium,Low,NOT_ACTIONABLE,TRENDING_BEAR,SHORT,50,CONFLICTED,53.8,47.95,Weak,⭐⭐,,,,,,,,,,,,,,,,,,,,,,,,,,,,,,,,,,
XRP/USDT,4h,SHORT,48,43,Low-Medium,Medium,NOT_ACTIONABLE,TRENDING_BEAR,NEUTRAL,65,MIXED,35.65,29.96,Ignore,⭐,,,,,,,,,,,,,,,,,,,,,,,,,,,,,,,,,,
BNB/USDT,4h,NEUTRAL,48,36,Low,Low,MONITOR_ONLY,TRENDING_BEAR,SHORT,50,CONFLICTED,12.98,9.5,Ignore,⭐,,,,,,,,,,,,,,,,,,,,,,,,,,,,,,,,,,
DOGE/USDT,4h,NEUTRAL,45,36,Low,Low,MONITOR_ONLY,TRENDING_BEAR,SHORT,50,CONFLICTED,11.78,8.45,Ignore,⭐,,,,,,,,,,,,,,,,,,,,,,,,,,,,,,,,,,
SOL/USDT,4h,NEUTRAL,38,32,Low,Medium,MONITOR_ONLY,TRENDING_BEAR,NEUTRAL,85,NEUTRAL_DOMINANT,8.01,5.15,Ignore,⭐,,,,,,,,,,,,,,,,,,,,,,,,,,,,,,,,,,
BTC/USDT,4h,NEUTRAL,35,39,Low,Low,MONITOR_ONLY,TRENDING_BEAR,NEUTRAL,85,NEUTRAL_DOMINANT,2.92,0.0,Ignore,⭐,,,,,,,,,,,,,,,,,,,,,,,,,,,,,,,,,,
BNB/USDT,4h,SHORT,69,56,Low-Medium,Low,WATCHLIST,TRENDING_BEAR,SHORT,85,STRONG,89.43,82.3,Strong,⭐⭐⭐⭐,,,,,,,,,,,,,,,,,,,,,,,,,,,,,,,,,,
DOGE/USDT,4h,SHORT,60,58,Low-Medium,Low,WATCHLIST,TRENDING_BEAR,SHORT,50,CONFLICTED,77.64,70.9,Good,⭐⭐⭐,,,,,,,,,,,,,,,,,,,,,,,,,,,,,,,,,,
XRP/USDT,4h,SHORT,61,60,Medium,Low,WATCHLIST,TRENDING_BEAR,NEUTRAL,65,MIXED,62.41,55.56,Weak,⭐⭐,,,,,,,,,,,,,,,,,,,,,,,,,,,,,,,,,,
SOL/USDT,4h,SHORT,57,58,Low-Medium,Low,WATCHLIST,TRENDING_BEAR,NEUTRAL,65,MIXED,60.25,53.66,Weak,⭐⭐,,,,,,,,,,,,,,,,,,,,,,,,,,,,,,,,,,
ETH/USDT,4h,SHORT,57,56,Low-Medium,Low,WATCHLIST,TRENDING_BEAR,NEUTRAL,65,MIXED,59.69,53.16,Weak,⭐⭐,,,,,,,,,,,,,,,,,,,,,,,,,,,,,,,,,,
BTC/USDT,4h,SHORT,46,56,Low-Medium,Low,NOT_ACTIONABLE,TRENDING_BEAR,NEUTRAL,65,MIXED,33.42,27.44,Ignore,⭐,,,,,,,,,,,,,,,,,,,,,,,,,,,,,,,,,,
XRP/USDT,4h,NEUTRAL,39,28,Low,Low,MONITOR_ONLY,TRENDING_BEAR,NEUTRAL,100,NEUTRAL_DOMINANT,8.59,5.8,Ignore,⭐,,,,,,,,,,,,,,,,,,,,,,,,,,,,,,,,,,
SOL/USDT,4h,NEUTRAL,32,20,Low,Low,MONITOR_ONLY,UNKNOWN,NEUTRAL,85,NEUTRAL_DOMINANT,3.55,1.35,Ignore,⭐,,,,,,,,,,,,,,,,,,,,,,,,,,,,,,,,,,
BNB/USDT,4h,NEUTRAL,30,19,Low,Low,MONITOR_ONLY,TRENDING_BEAR,NEUTRAL,85,NEUTRAL_DOMINANT,2.47,0.4,Ignore,⭐,,,,,,,,,,,,,,,,,,,,,,,,,,,,,,,,,,
DOGE/USDT,4h,NEUTRAL,27,19,Low,Medium,MONITOR_ONLY,TRENDING_BEAR,NEUTRAL,100,NEUTRAL_DOMINANT,1.92,0.0,Ignore,⭐,,,,,,,,,,,,,,,,,,,,,,,,,,,,,,,,,,
BTC/USDT,4h,NEUTRAL,24,14,Low,Low,MONITOR_ONLY,TRENDING_BEAR,NEUTRAL,85,NEUTRAL_DOMINANT,1.62,0.0,Ignore,⭐,,,,,,,,,,,,,,,,,,,,,,,,,,,,,,,,,,
ETH/USDT,4h,NEUTRAL,8,9,Low,Low,MONITOR_ONLY,SIDEWAYS,NEUTRAL,85,NEUTRAL_DOMINANT,0.67,0.0,Ignore,⭐,,,,,,,,,,,,,,,,,,,,,,,,,,,,,,,,,,
DOGE/USDT,4h,SHORT,55,57,Low-Medium,Low,WATCHLIST,TRENDING_BEAR,NEUTRAL,65,MIXED,59.17,52.71,Weak,⭐⭐,,,,,,,,,,,,,,,,,,,,,,,,,,,,,,,,,,
XRP/USDT,4h,SHORT,52,54,Low-Medium,Low,NOT_ACTIONABLE,TRENDING_BEAR,NEUTRAL,65,MIXED,41.63,35.41,Ignore,⭐,,,,,,,,,,,,,,,,,,,,,,,,,,,,,,,,,,
SOL/USDT,4h,SHORT,54,44,Low-Medium,Low,NOT_ACTIONABLE,TRENDING_BEAR,NEUTRAL,65,MIXED,40.13,34.11,Ignore,⭐,,,,,,,,,,,,,,,,,,,,,,,,,,,,,,,,,,
BNB/USDT,4h,SHORT,48,36,Low,Low,NOT_ACTIONABLE,TRENDING_BEAR,NEUTRAL,65,MIXED,35.49,30.01,Ignore,⭐,,,,,,,,,,,,,,,,,,,,,,,,,,,,,,,,,,
ETH/USDT,4h,NEUTRAL,38,40,Low-Medium,Low,MONITOR_ONLY,SIDEWAYS,NEUTRAL,100,NEUTRAL_DOMINANT,12.05,8.95,Ignore,⭐,,,,,,,,,,,,,,,,,,,,,,,,,,,,,,,,,,
BTC/USDT,4h,NEUTRAL,29,18,Low,Low,MONITOR_ONLY,TRENDING_BEAR,NEUTRAL,100,NEUTRAL_DOMINANT,2.29,0.3,Ignore,⭐,,,,,,,,,,,,,,,,,,,,,,,,,,,,,,,,,,
DOGE/USDT,4h,SHORT,55,57,Low-Medium,Low,WATCHLIST,TRENDING_BEAR,NEUTRAL,65,MIXED,59.17,52.71,Weak,⭐⭐,,,,,,,,,,,,,,,,,,,,,,,,,,,,,,,,,,
SOL/USDT,4h,SHORT,56,45,Low-Medium,Low,WATCHLIST,TRENDING_BEAR,NEUTRAL,65,MIXED,56.21,50.06,Weak,⭐⭐,,,,,,,,,,,,,,,,,,,,,,,,,,,,,,,,,,
XRP/USDT,4h,SHORT,52,54,Low-Medium,Low,NOT_ACTIONABLE,TRENDING_BEAR,NEUTRAL,65,MIXED,41.63,35.41,Ignore,⭐,,,,,,,,,,,,,,,,,,,,,,,,,,,,,,,,,,
BNB/USDT,4h,SHORT,48,36,Low,Low,NOT_ACTIONABLE,TRENDING_BEAR,NEUTRAL,65,MIXED,35.49,30.01,Ignore,⭐,,,,,,,,,,,,,,,,,,,,,,,,,,,,,,,,,,
ETH/USDT,4h,NEUTRAL,40,42,Low-Medium,Low,MONITOR_ONLY,SIDEWAYS,NEUTRAL,100,NEUTRAL_DOMINANT,13.41,10.15,Ignore,⭐,,,,,,,,,,,,,,,,,,,,,,,,,,,,,,,,,,
BTC/USDT,4h,NEUTRAL,39,24,Low,Low,MONITOR_ONLY,TRENDING_BEAR,NEUTRAL,100,NEUTRAL_DOMINANT,7.97,5.3,Ignore,⭐,,,,,,,,,,,,,,,,,,,,,,,,,,,,,,,,,,
ETH/USDT,4h,NEUTRAL,38,39,Low,Low,MONITOR_ONLY,SIDEWAYS,NEUTRAL,100,NEUTRAL_DOMINANT,11.27,8.2,Ignore,⭐,,,,,,,,,,,,,,,,,,,,,,,,,,,,,,,,,,
DOGE/USDT,4h,NEUTRAL,31,24,Low,Medium,MONITOR_ONLY,TRENDING_BEAR,NEUTRAL,100,NEUTRAL_DOMINANT,2.27,0.0,Ignore,⭐,,,,,,,,,,,,,,,,,,,,,,,,,,,,,,,,,,
BNB/USDT,4h,NEUTRAL,27,17,Low,Medium,MONITOR_ONLY,TRENDING_BEAR,NEUTRAL,100,NEUTRAL_DOMINANT,1.86,0.0,Ignore,⭐,,,,,,,,,,,,,,,,,,,,,,,,,,,,,,,,,,
SOL/USDT,4h,NEUTRAL,26,16,Low,Medium,MONITOR_ONLY,UNKNOWN,NEUTRAL,100,NEUTRAL_DOMINANT,1.78,0.0,Ignore,⭐,,,,,,,,,,,,,,,,,,,,,,,,,,,,,,,,,,
XRP/USDT,4h,NEUTRAL,24,17,Low,Low,MONITOR_ONLY,TRENDING_BEAR,NEUTRAL,100,NEUTRAL_DOMINANT,1.71,0.0,Ignore,⭐,,,,,,,,,,,,,,,,,,,,,,,,,,,,,,,,,,
BTC/USDT,4h,NEUTRAL,24,11,Low,Medium,MONITOR_ONLY,TRENDING_BEAR,NEUTRAL,100,NEUTRAL_DOMINANT,1.53,0.0,Ignore,⭐,,,,,,,,,,,,,,,,,,,,,,,,,,,,,,,,,,
BTC/USDT,4h,NEUTRAL,25,30,Low,Low,MONITOR_ONLY,TRENDING_BEAR,NEUTRAL,85,NEUTRAL_DOMINANT,4.05,1.9,Ignore,⭐,,,,,,,,,,,,,,,,,,,,,,,,,,,,,,,,,,
BNB/USDT,4h,NEUTRAL,27,17,Low,Medium,MONITOR_ONLY,TRENDING_BEAR,NEUTRAL,100,NEUTRAL_DOMINANT,1.86,0.0,Ignore,⭐,,,,,,,,,,,,,,,,,,,,,,,,,,,,,,,,,,
DOGE/USDT,4h,NEUTRAL,21,21,Low,Low,MONITOR_ONLY,SIDEWAYS,NEUTRAL,85,NEUTRAL_DOMINANT,1.68,0.0,Ignore,⭐,,,,,,,,,,,,,,,,,,,,,,,,,,,,,,,,,,
SOL/USDT,4h,NEUTRAL,24,14,Low,Medium,MONITOR_ONLY,UNKNOWN,NEUTRAL,85,NEUTRAL_DOMINANT,1.62,0.0,Ignore,⭐,,,,,,,,,,,,,,,,,,,,,,,,,,,,,,,,,,
XRP/USDT,4h,NEUTRAL,15,15,Low,Low,MONITOR_ONLY,SIDEWAYS,NEUTRAL,100,NEUTRAL_DOMINANT,1.2,0.0,Ignore,⭐,,,,,,,,,,,,,,,,,,,,,,,,,,,,,,,,,,
ETH/USDT,4h,NEUTRAL,5,8,Low,Medium,MONITOR_ONLY,SIDEWAYS,NEUTRAL,85,NEUTRAL_DOMINANT,0.49,0.0,Ignore,⭐,,,,,,,,,,,,,,,,,,,,,,,,,,,,,,,,,,
BTC/USDT,4h,LONG,75,52,Low-Medium,Low,WATCHLIST,TRENDING_BULL,LONG,50,CONFLICTED,88.34,81.03,Strong,⭐⭐⭐⭐,,,,,,,,,,,,,,,,,,,,,,,,,,,,,,,,,,
ETH/USDT,4h,NEUTRAL,44,39,Low,Low,MONITOR_ONLY,SIDEWAYS,LONG,65,WEAK,12.92,9.55,Ignore,⭐,,,,,,,,,,,,,,,,,,,,,,,,,,,,,,,,,,
SOL/USDT,4h,NEUTRAL,29,28,Low,Low,MONITOR_ONLY,SIDEWAYS,NEUTRAL,100,NEUTRAL_DOMINANT,5.09,2.8,Ignore,⭐,,,,,,,,,,,,,,,,,,,,,,,,,,,,,,,,,,
XRP/USDT,4h,NEUTRAL,27,26,Low,Low,MONITOR_ONLY,SIDEWAYS,NEUTRAL,100,NEUTRAL_DOMINANT,3.73,1.6,Ignore,⭐,,,,,,,,,,,,,,,,,,,,,,,,,,,,,,,,,,
DOGE/USDT,4h,NEUTRAL,27,26,Low,Low,MONITOR_ONLY,SIDEWAYS,NEUTRAL,85,NEUTRAL_DOMINANT,3.73,1.6,Ignore,⭐,,,,,,,,,,,,,,,,,,,,,,,,,,,,,,,,,,
BNB/USDT,4h,NEUTRAL,23,22,Low,Low,MONITOR_ONLY,SIDEWAYS,NEUTRAL,100,NEUTRAL_DOMINANT,1.81,0.0,Ignore,⭐,,,,,,,,,,,,,,,,,,,,,,,,,,,,,,,,,,
BNB/USDT,4h,LONG,55,38,Low,Low,WATCHLIST,TRENDING_BULL,LONG,50,CONFLICTED,70.04,64.15,Good,⭐⭐⭐,,,,,,,,,,,,,,,,,,,,,,,,,,,,,,,,,,
BTC/USDT,4h,LONG,47,25,Low,Medium,NOT_ACTIONABLE,TRENDING_BULL,NEUTRAL,65,MIXED,36.09,30.99,Ignore,⭐,,,,,,,,,,,,,,,,,,,,,,,,,,,,,,,,,,
SOL/USDT,4h,SHORT,44,34,Low,Low,NOT_ACTIONABLE,TRENDING_BEAR,NEUTRAL,65,MIXED,33.33,28.11,Ignore,⭐,,,,,,,,,,,,,,,,,,,,,,,,,,,,,,,,,,
ETH/USDT,4h,NEUTRAL,35,31,Low,Low,MONITOR_ONLY,SIDEWAYS,LONG,50,CONFLICTED,7.08,4.4,Ignore,⭐,,,,,,,,,,,,,,,,,,,,,,,,,,,,,,,,,,
DOGE/USDT,4h,NEUTRAL,25,13,Low,Low,MONITOR_ONLY,TRENDING_BULL,NEUTRAL,100,NEUTRAL_DOMINANT,1.64,0.0,Ignore,⭐,,,,,,,,,,,,,,,,,,,,,,,,,,,,,,,,,,
XRP/USDT,4h,NEUTRAL,10,0,Low,Medium,MONITOR_ONLY,TRENDING_BULL,NEUTRAL,100,NEUTRAL_DOMINANT,0.5,0.0,Ignore,⭐,,,,,,,,,,,,,,,,,,,,,,,,,,,,,,,,,,
ETH/USDT,4h,LONG,72,63,Medium,Low,WATCHLIST,TRENDING_BULL,LONG,100,STRONG,96.34,88.85,Elite,⭐⭐⭐⭐⭐,,,,,,,,,,,,,,,,,,,,,,,,,,,,,,,,,,
BTC/USDT,4h,NEUTRAL,35,39,Low,Low,MONITOR_ONLY,SIDEWAYS,NEUTRAL,85,NEUTRAL_DOMINANT,8.69,5.77,Ignore,⭐,,,,,,,,,,,,,,,,,,,,,,,,,,,,,,,,,,
BNB/USDT,4h,NEUTRAL,38,25,Low,Medium,MONITOR_ONLY,TRENDING_BULL,NEUTRAL,100,NEUTRAL_DOMINANT,5.05,2.4,Ignore,⭐,,,,,,,,,,,,,,,,,,,,,,,,,,,,,,,,,,
SOL/USDT,4h,NEUTRAL,34,25,Low,Medium,MONITOR_ONLY,TRENDING_BEAR,NEUTRAL,100,NEUTRAL_DOMINANT,4.45,2.0,Ignore,⭐,,,,,,,,,,,,,,,,,,,,,,,,,,,,,,,,,,
DOGE/USDT,4h,NEUTRAL,18,7,Low,Medium,MONITOR_ONLY,TRENDING_BULL,NEUTRAL,100,NEUTRAL_DOMINANT,1.11,0.0,Ignore,⭐,,,,,,,,,,,,,,,,,,,,,,,,,,,,,,,,,,
XRP/USDT,4h,NEUTRAL,12,3,Low,Medium,MONITOR_ONLY,TRENDING_BULL,NEUTRAL,100,NEUTRAL_DOMINANT,0.69,0.0,Ignore,⭐,,,,,,,,,,,,,,,,,,,,,,,,,,,,,,,,,,
ETH/USDT,4h,LONG,59,54,Low-Medium,Low,WATCHLIST,TRENDING_BULL,LONG,50,CONFLICTED,76.12,69.55,Good,⭐⭐⭐,,,,,,,,,,,,,,,,,,,,,,,,,,,,,,,,,,
BTC/USDT,4h,LONG,62,54,Low-Medium,Low,WATCHLIST,TRENDING_BULL,NEUTRAL,65,MIXED,66.88,60.16,Good,⭐⭐⭐,,,,,,,,,,,,,,,,,,,,,,,,,,,,,,,,,,
XRP/USDT,4h,LONG,44,32,Low,Low,NOT_ACTIONABLE,TRENDING_BULL,NEUTRAL,65,MIXED,32.27,27.11,Ignore,⭐,,,,,,,,,,,,,,,,,,,,,,,,,,,,,,,,,,
DOGE/USDT,4h,NEUTRAL,39,26,Low,Low,MONITOR_ONLY,TRENDING_BULL,NEUTRAL,100,NEUTRAL_DOMINANT,8.03,5.3,Ignore,⭐,,,,,,,,,,,,,,,,,,,,,,,,,,,,,,,,,,
BNB/USDT,4h,NEUTRAL,32,32,Low,Low,MONITOR_ONLY,SIDEWAYS,NEUTRAL,100,NEUTRAL_DOMINANT,7.41,4.85,Ignore,⭐,,,,,,,,,,,,,,,,,,,,,,,,,,,,,,,,,,
SOL/USDT,4h,NEUTRAL,33,25,Low,Low,MONITOR_ONLY,TRENDING_BEAR,NEUTRAL,100,NEUTRAL_DOMINANT,4.65,2.25,Ignore,⭐,,,,,,,,,,,,,,,,,,,,,,,,,,,,,,,,,,
DOGE/USDT,4h,LONG,59,54,Low-Medium,Low,WATCHLIST,TRENDING_BULL,LONG,50,CONFLICTED,76.12,69.55,Good,⭐⭐⭐,,,,,,,,,,,,,,,,,,,,,,,,,,,,,,,,,,
BTC/USDT,4h,LONG,47,37,Low,Low,NOT_ACTIONABLE,TRENDING_BULL,NEUTRAL,65,MIXED,34.87,29.41,Ignore,⭐,,,,,,,,,,,,,,,,,,,,,,,,,,,,,,,,,,
BNB/USDT,4h,NEUTRAL,42,41,Low-Medium,Low,MONITOR_ONLY,SIDEWAYS,NEUTRAL,100,NEUTRAL_DOMINANT,13.43,10.1,Ignore,⭐,,,,,,,,,,,,,,,,,,,,,,,,,,,,,,,,,,
XRP/USDT,4h,NEUTRAL,41,36,Low,Low,MONITOR_ONLY,QUIET,NEUTRAL,85,NEUTRAL_DOMINANT,12.13,9.0,Ignore,⭐,,,,,,,,,,,,,,,,,,,,,,,,,,,,,,,,,,
ETH/USDT,4h,NEUTRAL,38,32,Low,Medium,MONITOR_ONLY,TRENDING_BULL,NEUTRAL,85,NEUTRAL_DOMINANT,7.01,4.15,Ignore,⭐,,,,,,,,,,,,,,,,,,,,,,,,,,,,,,,,,,
SOL/USDT,4h,NEUTRAL,31,22,Low,Medium,MONITOR_ONLY,TRENDING_BEAR,NEUTRAL,100,NEUTRAL_DOMINANT,2.21,0.0,Ignore,⭐,,,,,,,,,,,,,,,,,,,,,,,,,,,,,,,,,,
ETH/USDT,4h,LONG,83,71,Medium,Low,WATCHLIST,TRENDING_BULL,LONG,100,STRONG,102.48,94.2,Elite,⭐⭐⭐⭐⭐,,,,,,,,,,,,,,,,,,,,,,,,,,,,,,,,,,
BTC/USDT,4h,LONG,72,61,Medium,Low,WATCHLIST,TRENDING_BULL,LONG,50,CONFLICTED,90.78,83.35,Strong,⭐⭐⭐⭐,,,,,,,,,,,,,,,,,,,,,,,,,,,,,,,,,,
DOGE/USDT,4h,LONG,76,74,Medium,Low,WATCHLIST,TRENDING_BULL,LONG,50,CONFLICTED,88.02,80.0,Strong,⭐⭐⭐⭐,,,,,,,,,,,,,,,,,,,,,,,,,,,,,,,,,,
XRP/USDT,4h,LONG,68,62,Medium,Low,WATCHLIST,TRENDING_BULL,LONG,50,CONFLICTED,81.96,74.7,Strong,⭐⭐⭐⭐,,,,,,,,,,,,,,,,,,,,,,,,,,,,,,,,,,
BNB/USDT,4h,NEUTRAL,42,45,Low-Medium,Low,MONITOR_ONLY,SIDEWAYS,NEUTRAL,100,NEUTRAL_DOMINANT,14.55,11.1,Ignore,⭐,,,,,,,,,,,,,,,,,,,,,,,,,,,,,,,,,,
SOL/USDT,4h,NEUTRAL,15,13,Low,Low,MONITOR_ONLY,SIDEWAYS,NEUTRAL,85,NEUTRAL_DOMINANT,1.14,0.0,Ignore,⭐,,,,,,,,,,,,,,,,,,,,,,,,,,,,,,,,,,
BNB/USDT,4h,LONG,64,58,Low-Medium,Low,WATCHLIST,TRENDING_BULL,LONG,50,CONFLICTED,79.24,72.3,Strong,⭐⭐⭐⭐,,,,,,,,,,,,,,,,,,,,,,,,,,,,,,,,,,
BTC/USDT,4h,LONG,67,57,Low-Medium,Low,WATCHLIST,TRENDING_BULL,NEUTRAL,65,MIXED,71.47,64.41,Good,⭐⭐⭐,,,,,,,,,,,,,,,,,,,,,,,,,,,,,,,,,,
SOL/USDT,4h,SHORT,47,51,Low-Medium,Low,NOT_ACTIONABLE,TRENDING_BEAR,NEUTRAL,65,MIXED,38.79,32.91,Ignore,⭐,,,,,,,,,,,,,,,,,,,,,,,,,,,,,,,,,,
ETH/USDT,4h,NEUTRAL,49,36,Low,Medium,MONITOR_ONLY,TRENDING_BULL,LONG,50,CONFLICTED,11.78,8.25,Ignore,⭐,,,,,,,,,,,,,,,,,,,,,,,,,,,,,,,,,,
XRP/USDT,4h,NEUTRAL,42,36,Low,Low,MONITOR_ONLY,TRENDING_BULL,NEUTRAL,100,NEUTRAL_DOMINANT,11.33,8.15,Ignore,⭐,,,,,,,,,,,,,,,,,,,,,,,,,,,,,,,,,,
DOGE/USDT,4h,NEUTRAL,42,36,Low,Low,MONITOR_ONLY,TRENDING_BULL,NEUTRAL,100,NEUTRAL_DOMINANT,11.33,8.15,Ignore,⭐,,,,,,,,,,,,,,,,,,,,,,,,,,,,,,,,,,
ETH/USDT,4h,LONG,75,69,Medium,Low,WATCHLIST,TRENDING_BULL,LONG,85,STRONG,95.47,kucoin,1824.58,"Trade Guard: ACTIONABLE -> MONITOR | Trade Guard reason: R:R برای Actionable کافی نیست: 0.92 | Trade Guard reason: Trade Quality برابر Avoid است | ارزش زیرنظر گرفتن دارد | MTF هم‌راستا است | Volume تأیید نداده | Thesis: Bullish Thesis | Conflicts: 1 | Historical economics: p=0.0%, E[R]=+0.000, n=0, status=MISSING",87.65,Elite,⭐⭐⭐⭐⭐,MONITOR,Avoid,38,0.92,2.33,1.0,7150.98,0.0,0.0,0.0,1.0,0.0,0,MISSING,False,0.0,41.26,2026-07-11 16:00:00,"1,819 - 1,828","1,798","1,847 | 1,865 | 1,883",MIXED,67,67,44,CAUTION,66.7,0.0,33.3,39.55,logs/reports/daily_report_20260711_223416.md
XRP/USDT,4h,LONG,59,54,Low-Medium,Low,WATCHLIST,TRENDING_BULL,LONG,50,CONFLICTED,75.62,kucoin,1.11566,"Trade Guard: WATCHLIST -> MONITOR | Trade Guard reason: Trade Quality برابر Avoid است | ارزش زیرنظر گرفتن دارد | MTF هم‌راستا است | Volume تأیید نداده | Thesis: Bullish Thesis | Conflicts: 1 | Historical economics: p=0.0%, E[R]=+0.000, n=0, status=MISSING",69.05,Good,⭐⭐⭐,MONITOR,Avoid,19,1.0,2.33,1.0,7433.33,0.0,0.0,0.0,1.0,0.0,0,MISSING,False,0.0,33.74,2026-07-11 16:00:00,1.11 - 1.12,1.10,1.13 | 1.14 | 1.15,MIXED,67,67,44,CAUTION,66.7,0.0,33.3,39.55,logs/reports/daily_report_20260711_223416.md
DOGE/USDT,4h,LONG,50,50,Low-Medium,Medium,NOT_ACTIONABLE,TRENDING_BULL,NEUTRAL,65,MIXED,37.41,kucoin,0.07535,"MTF هنوز جهت‌دار نیست | Volume تأیید نداده | Thesis: Bullish Thesis | Conflicts: 3 | Historical economics: p=0.0%, E[R]=+0.000, n=0, status=MISSING",31.41,Ignore,⭐,IGNORE,Avoid,4,0.91,2.3,1.0,7027.86,0.0,0.0,0.0,1.0,0.0,0,MISSING,False,0.0,0.0,2026-07-11 16:00:00,0.075117 - 0.075490,0.074232,0.076282 | 0.077027 | 0.077772,MIXED,67,67,44,CAUTION,66.7,0.0,33.3,39.55,logs/reports/daily_report_20260711_223416.md
BTC/USDT,4h,LONG,49,39,Low,Low,NOT_ACTIONABLE,TRENDING_BULL,NEUTRAL,65,MIXED,36.23,kucoin,64287.7,"MTF هنوز جهت‌دار نیست | Volume تأیید نداده | Thesis: Bullish Thesis | Conflicts: 2 | Historical economics: p=0.0%, E[R]=+0.000, n=0, status=MISSING",30.61,Ignore,⭐,IGNORE,Avoid,0,0.91,2.3,0.5,4537.92,-2.8,0.0,0.0,1.0,0.0,0,MISSING,False,0.0,0.0,2026-07-11 16:00:00,"64,134 - 64,380","63,549","64,903 | 65,396 | 65,888",MIXED,67,67,44,CAUTION,66.7,0.0,33.3,39.55,logs/reports/daily_report_20260711_223416.md
BNB/USDT,4h,NEUTRAL,42,45,Low-Medium,Low,MONITOR_ONLY,SIDEWAYS,NEUTRAL,100,NEUTRAL_DOMINANT,14.55,kucoin,580.376,"فعلاً فقط مانیتور شود | MTF هنوز جهت‌دار نیست | Volume تأیید نداده | Thesis: Neutral / Monitor Thesis | Conflicts: 1 | Historical economics: p=0.0%, E[R]=+0.000, n=0, status=MISSING",11.1,Ignore,⭐,IGNORE,Avoid,0,0.0,0.0,1.0,0.0,0.0,0.0,0.0,1.0,0.0,0,MISSING,False,0.0,0.0,2026-07-11 16:00:00,نامشخص,نامشخص,,MIXED,67,67,44,CAUTION,66.7,0.0,33.3,39.55,logs/reports/daily_report_20260711_223416.md
SOL/USDT,4h,NEUTRAL,41,32,Low,Low,MONITOR_ONLY,TRENDING_BEAR,NEUTRAL,100,NEUTRAL_DOMINANT,10.51,kucoin,78.14,"فعلاً فقط مانیتور شود | MTF هنوز جهت‌دار نیست | Volume تأیید نداده | Thesis: Neutral / Monitor Thesis | Conflicts: 1 | Historical economics: p=0.0%, E[R]=+0.000, n=0, status=MISSING",7.5,Ignore,⭐,IGNORE,Avoid,0,0.0,0.0,1.0,0.0,0.0,0.0,0.0,1.0,0.0,0,MISSING,False,0.0,0.0,2026-07-11 16:00:00,نامشخص,نامشخص,,MIXED,67,67,44,CAUTION,66.7,0.0,33.3,39.55,logs/reports/daily_report_20260711_223416.md
ETH/USDT,4h,LONG,71,75,Medium,Low,ACTIONABLE,TRENDING_BULL,NEUTRAL,50,MIXED,83.68,kucoin,1811.4,"Trade Guard: ACTIONABLE -> MONITOR | Trade Guard reason: R:R برای Actionable کافی نیست: 0.93 | Trade Guard reason: Trade Quality برابر Avoid است | MTF هنوز جهت‌دار نیست | Thesis: Bullish Thesis | Historical economics: p=0.0%, E[R]=+0.000, n=0, status=MISSING",75.88,Strong,⭐⭐⭐⭐,MONITOR,Avoid,40,0.93,2.36,1.0,6464.29,0.0,0.0,0.0,1.0,0.0,0,MISSING,False,0.0,25.33,2026-07-12 00:00:00,"1,805 - 1,815","1,782","1,836 | 1,856 | 1,876",MIXED,50,50,35,CAUTION,33.3,16.7,50.0,35.33,logs/reports/daily_report_20260712_075247.md
BTC/USDT,4h,LONG,73,64,Medium,Low,WATCHLIST,TRENDING_BULL,NEUTRAL,50,MIXED,77.9,kucoin,64214.7,"Trade Guard: WATCHLIST -> MONITOR | Trade Guard reason: R:R برای Watchlist کافی نیست: 0.91 | ارزش زیرنظر گرفتن دارد | MTF هنوز جهت‌دار نیست | Volume تأیید نداده | Thesis: Bullish Thesis | Conflicts: 1 | Historical economics: p=0.0%, E[R]=+0.000, n=0, status=MISSING",70.33,Good,⭐⭐⭐,MONITOR,C,50,0.91,2.31,2.0,9156.06,-0.61,0.0,0.0,1.0,0.0,0,MISSING,False,0.0,31.48,2026-07-12 00:00:00,"64,062 - 64,306","63,483","64,825 | 65,312 | 65,800",MIXED,50,50,35,CAUTION,33.3,16.7,50.0,35.33,logs/reports/daily_report_20260712_075247.md
SOL/USDT,4h,SHORT,55,53,Low-Medium,Medium,WATCHLIST,TRENDING_BEAR,SHORT,50,CONFLICTED,71.44,kucoin,77.03,"Trade Guard: WATCHLIST -> MONITOR | Trade Guard reason: R:R برای Watchlist کافی نیست: 0.91 | Trade Guard reason: Trade Quality برابر Avoid است | ارزش زیرنظر گرفتن دارد | MTF هم‌راستا است | Thesis: Bearish Thesis | Conflicts: 1 | Historical economics: p=0.0%, E[R]=+0.000, n=0, status=MISSING",65.1,Good,⭐⭐⭐,MONITOR,Avoid,17,0.91,2.29,1.0,5861.98,0.0,0.0,0.0,1.0,0.0,0,MISSING,False,0.0,18.19,2026-07-12 00:00:00,76.86 - 77.31,78.40,75.89 | 74.98 | 74.07,MIXED,50,50,35,CAUTION,33.3,16.7,50.0,35.33,logs/reports/daily_report_20260712_075247.md
BNB/USDT,4h,NEUTRAL,30,20,Low,Low,MONITOR_ONLY,TRENDING_BULL,NEUTRAL,85,NEUTRAL_DOMINANT,2.75,kucoin,575.286,"فعلاً فقط مانیتور شود | MTF هنوز جهت‌دار نیست | Volume تأیید نداده | Thesis: Neutral / Monitor Thesis | Conflicts: 1 | Historical economics: p=0.0%, E[R]=+0.000, n=0, status=MISSING",0.65,Ignore,⭐,IGNORE,Avoid,0,0.0,0.0,1.0,0.0,0.0,0.0,0.0,1.0,0.0,0,MISSING,False,0.0,0.0,2026-07-12 00:00:00,نامشخص,نامشخص,,MIXED,50,50,35,CAUTION,33.3,16.7,50.0,35.33,logs/reports/daily_report_20260712_075247.md
XRP/USDT,4h,NEUTRAL,14,7,Low,Medium,MONITOR_ONLY,QUIET,NEUTRAL,85,NEUTRAL_DOMINANT,0.91,kucoin,1.09959,"فعلاً فقط مانیتور شود | MTF هنوز جهت‌دار نیست | Volume تأیید نداده | Thesis: Neutral / Monitor Thesis | Historical economics: p=0.0%, E[R]=+0.000, n=0, status=MISSING",0.0,Ignore,⭐,IGNORE,Avoid,0,0.0,0.0,1.0,0.0,0.0,0.0,0.0,1.0,0.0,0,MISSING,False,0.0,0.0,2026-07-12 00:00:00,نامشخص,نامشخص,,MIXED,50,50,35,CAUTION,33.3,16.7,50.0,35.33,logs/reports/daily_report_20260712_075247.md
DOGE/USDT,4h,NEUTRAL,14,4,Low,Low,MONITOR_ONLY,TRENDING_BULL,NEUTRAL,85,NEUTRAL_DOMINANT,0.82,kucoin,0.07342,"فعلاً فقط مانیتور شود | MTF هنوز جهت‌دار نیست | Thesis: Neutral / Monitor Thesis | Historical economics: p=0.0%, E[R]=+0.000, n=0, status=MISSING",0.0,Ignore,⭐,IGNORE,Avoid,0,0.0,0.0,1.0,0.0,0.0,0.0,0.0,1.0,0.0,0,MISSING,False,0.0,0.0,2026-07-12 00:00:00,نامشخص,نامشخص,,MIXED,50,50,35,CAUTION,33.3,16.7,50.0,35.33,logs/reports/daily_report_20260712_075247.md
SOL/USDT,4h,SHORT,70,72,Medium,Low,WATCHLIST,TRENDING_BEAR,SHORT,50,CONFLICTED,85.56,kucoin,76.52,"Trade Guard: ACTIONABLE -> MONITOR | Trade Guard reason: R:R برای Actionable کافی نیست: 0.92 | Trade Guard reason: Trade Quality برابر Avoid است | ارزش زیرنظر گرفتن دارد | MTF هم‌راستا است | Volume تأیید نداده | Thesis: Bearish Thesis | Conflicts: 1 | Historical economics: p=0.0%, E[R]=+0.000, n=0, status=MISSING",77.9,Strong,⭐⭐⭐⭐,MONITOR,Avoid,29,0.92,2.32,1.0,5845.8,0.0,0.0,0.0,1.0,0.0,0,MISSING,False,0.0,75.0,2026-07-12 04:00:00,76.35 - 76.81,77.89,75.38 | 74.46 | 73.54,NEUTRAL,83,83,15,MONITOR,0.0,16.7,83.3,15.35,logs/reports/daily_report_20260712_114828.md
XRP/USDT,4h,NEUTRAL,41,34,Low,Low,MONITOR_ONLY,QUIET,NEUTRAL,85,NEUTRAL_DOMINANT,11.57,kucoin,1.09127,"فعلاً فقط مانیتور شود | MTF هنوز جهت‌دار نیست | Volume تأیید نداده | Thesis: Neutral / Monitor Thesis | Conflicts: 1 | Historical economics: p=0.0%, E[R]=+0.000, n=0, status=MISSING",8.5,Ignore,⭐,IGNORE,Avoid,0,0.0,0.0,1.0,0.0,0.0,0.0,0.0,1.0,0.0,0,MISSING,False,0.0,0.0,2026-07-12 04:00:00,نامشخص,نامشخص,,NEUTRAL,83,83,15,MONITOR,0.0,16.7,83.3,15.35,logs/reports/daily_report_20260712_114828.md
BNB/USDT,4h,NEUTRAL,27,31,Low,Low,MONITOR_ONLY,TRENDING_BULL,NEUTRAL,100,NEUTRAL_DOMINANT,5.13,kucoin,572.225,"فعلاً فقط مانیتور شود | MTF هنوز جهت‌دار نیست | Volume تأیید نداده | Thesis: Neutral / Monitor Thesis | Conflicts: 1 | Historical economics: p=0.0%, E[R]=+0.000, n=0, status=MISSING",2.85,Ignore,⭐,IGNORE,Avoid,0,0.0,0.0,1.0,0.0,0.0,0.0,0.0,1.0,0.0,0,MISSING,False,0.0,0.0,2026-07-12 04:00:00,نامشخص,نامشخص,,NEUTRAL,83,83,15,MONITOR,0.0,16.7,83.3,15.35,logs/reports/daily_report_20260712_114828.md
DOGE/USDT,4h,NEUTRAL,27,31,Low,Low,MONITOR_ONLY,TRENDING_BULL,NEUTRAL,100,NEUTRAL_DOMINANT,5.13,kucoin,0.07295,"فعلاً فقط مانیتور شود | MTF هنوز جهت‌دار نیست | Volume تأیید نداده | Thesis: Neutral / Monitor Thesis | Conflicts: 1 | Historical economics: p=0.0%, E[R]=+0.000, n=0, status=MISSING",2.85,Ignore,⭐,IGNORE,Avoid,0,0.0,0.0,1.0,0.0,0.0,0.0,0.0,1.0,0.0,0,MISSING,False,0.0,0.0,2026-07-12 04:00:00,نامشخص,نامشخص,,NEUTRAL,83,83,15,MONITOR,0.0,16.7,83.3,15.35,logs/reports/daily_report_20260712_114828.md
ETH/USDT,4h,NEUTRAL,22,12,Low,Low,MONITOR_ONLY,TRENDING_BULL,NEUTRAL,100,NEUTRAL_DOMINANT,1.46,kucoin,1798.87,"فعلاً فقط مانیتور شود | MTF هنوز جهت‌دار نیست | Volume تأیید نداده | Thesis: Neutral / Monitor Thesis | Historical economics: p=0.0%, E[R]=+0.000, n=0, status=MISSING",0.0,Ignore,⭐,IGNORE,Avoid,0,0.0,0.0,1.0,0.0,0.0,0.0,0.0,1.0,0.0,0,MISSING,False,0.0,0.0,2026-07-12 04:00:00,نامشخص,نامشخص,,NEUTRAL,83,83,15,MONITOR,0.0,16.7,83.3,15.35,logs/reports/daily_report_20260712_114828.md
BTC/USDT,4h,NEUTRAL,18,10,Low,Low,MONITOR_ONLY,TRENDING_BULL,NEUTRAL,85,NEUTRAL_DOMINANT,1.2,kucoin,63883.6,"فعلاً فقط مانیتور شود | MTF هنوز جهت‌دار نیست | Volume تأیید نداده | Thesis: Neutral / Monitor Thesis | Historical economics: p=0.0%, E[R]=+0.000, n=0, status=MISSING",0.0,Ignore,⭐,IGNORE,Avoid,0,0.0,0.0,1.0,0.0,-1.65,0.0,0.0,1.0,0.0,0,MISSING,False,0.0,0.0,2026-07-12 04:00:00,نامشخص,نامشخص,,NEUTRAL,83,83,15,MONITOR,0.0,16.7,83.3,15.35,logs/reports/daily_report_20260712_114828.md
ETH/USDT,4h,LONG,59,51,Low-Medium,Low,WATCHLIST,TRENDING_BULL,LONG,50,CONFLICTED,75.28,kucoin,1803.74,"Trade Guard: WATCHLIST -> MONITOR | Trade Guard reason: R:R برای Watchlist کافی نیست: 0.89 | Trade Guard reason: Trade Quality برابر Avoid است | ارزش زیرنظر گرفتن دارد | MTF هم‌راستا است | Volume تأیید نداده | Thesis: Bullish Thesis | Conflicts: 1 | Historical economics: p=0.0%, E[R]=+0.000, n=0, status=MISSING",68.8,Good,⭐⭐⭐,MONITOR,Avoid,22,0.89,2.27,1.0,6554.55,0.0,0.0,0.0,1.0,0.0,0,MISSING,False,0.0,33.87,2026-07-12 08:00:00,"1,798 - 1,807","1,775","1,827 | 1,846 | 1,865",NEUTRAL,67,67,22,MONITOR,33.3,0.0,66.7,22.48,logs/reports/daily_report_20260712_154305.md
BNB/USDT,4h,LONG,66,57,Low-Medium,Low,WATCHLIST,TRENDING_BULL,NEUTRAL,65,MIXED,63.57,kucoin,580.061,"Trade Guard: WATCHLIST -> MONITOR | Trade Guard reason: R:R برای Watchlist کافی نیست: 0.86 | Trade Guard reason: Trade Quality برابر Avoid است | ارزش زیرنظر گرفتن دارد | MTF هنوز جهت‌دار نیست | Thesis: Bullish Thesis | Conflicts: 1 | Historical economics: p=0.0%, E[R]=+0.000, n=0, status=MISSING",56.56,Weak,⭐⭐,MONITOR,Avoid,27,0.86,2.0,1.0,8285.71,0.0,0.0,0.0,1.0,0.0,0,MISSING,False,0.0,41.13,2026-07-12 08:00:00,579 - 581,573,586 | 590 | 594,NEUTRAL,67,67,22,MONITOR,33.3,0.0,66.7,22.48,logs/reports/daily_report_20260712_154305.md
SOL/USDT,4h,NEUTRAL,42,39,Low,Low,MONITOR_ONLY,TRENDING_BEAR,NEUTRAL,100,NEUTRAL_DOMINANT,12.17,kucoin,76.94,"فعلاً فقط مانیتور شود | MTF هنوز جهت‌دار نیست | Volume تأیید نداده | Thesis: Neutral / Monitor Thesis | Conflicts: 1 | Historical economics: p=0.0%, E[R]=+0.000, n=0, status=MISSING",8.9,Ignore,⭐,IGNORE,Avoid,0,0.0,0.0,1.0,0.0,0.0,0.0,0.0,1.0,0.0,0,MISSING,False,0.0,0.0,2026-07-12 08:00:00,نامشخص,نامشخص,,NEUTRAL,67,67,22,MONITOR,33.3,0.0,66.7,22.48,logs/reports/daily_report_20260712_154305.md
BTC/USDT,4h,NEUTRAL,27,24,Low,Low,MONITOR_ONLY,QUIET,NEUTRAL,100,NEUTRAL_DOMINANT,2.67,kucoin,64014.8,"فعلاً فقط مانیتور شود | MTF هنوز جهت‌دار نیست | Volume تأیید نداده | Thesis: Neutral / Monitor Thesis | Historical economics: p=0.0%, E[R]=+0.000, n=0, status=MISSING",0.6,Ignore,⭐,IGNORE,Avoid,0,0.0,0.0,1.0,0.0,-2.09,0.0,0.0,1.0,0.0,0,MISSING,False,0.0,0.0,2026-07-12 08:00:00,نامشخص,نامشخص,,NEUTRAL,67,67,22,MONITOR,33.3,0.0,66.7,22.48,logs/reports/daily_report_20260712_154305.md
DOGE/USDT,4h,NEUTRAL,29,17,Low,Low,MONITOR_ONLY,UNKNOWN,NEUTRAL,100,NEUTRAL_DOMINANT,1.96,kucoin,0.07327,"فعلاً فقط مانیتور شود | MTF هنوز جهت‌دار نیست | Volume تأیید نداده | Thesis: Neutral / Monitor Thesis | Conflicts: 1 | Historical economics: p=0.0%, E[R]=+0.000, n=0, status=MISSING",0.0,Ignore,⭐,IGNORE,Avoid,0,0.0,0.0,1.0,0.0,0.0,0.0,0.0,1.0,0.0,0,MISSING,False,0.0,0.0,2026-07-12 08:00:00,نامشخص,نامشخص,,NEUTRAL,67,67,22,MONITOR,33.3,0.0,66.7,22.48,logs/reports/daily_report_20260712_154305.md
XRP/USDT,4h,NEUTRAL,22,14,Low,Low,MONITOR_ONLY,QUIET,NEUTRAL,100,NEUTRAL_DOMINANT,1.52,kucoin,1.0968,"فعلاً فقط مانیتور شود | MTF هنوز جهت‌دار نیست | Volume تأیید نداده | Thesis: Neutral / Monitor Thesis | Conflicts: 1 | Historical economics: p=0.0%, E[R]=+0.000, n=0, status=MISSING",0.0,Ignore,⭐,IGNORE,Avoid,0,0.0,0.0,1.0,0.0,0.0,0.0,0.0,1.0,0.0,0,MISSING,False,0.0,0.0,2026-07-12 08:00:00,نامشخص,نامشخص,,NEUTRAL,67,67,22,MONITOR,33.3,0.0,66.7,22.48,logs/reports/daily_report_20260712_154305.md
ETH/USDT,4h,LONG,53,48,Low-Medium,Low,NOT_ACTIONABLE,TRENDING_BULL,NEUTRAL,65,MIXED,40.35,kucoin,1821.36,"MTF هنوز جهت‌دار نیست | Volume تأیید نداده | Thesis: Bullish Thesis | Conflicts: 2 | Historical economics: p=0.0%, E[R]=+0.000, n=0, status=MISSING",34.26,Ignore,⭐,IGNORE,Avoid,10,0.89,2.25,1.0,6869.81,0.0,0.0,0.0,1.0,0.0,0,MISSING,False,0.0,0.0,2026-07-12 16:00:00,"1,816 - 1,825","1,794","1,844 | 1,862 | 1,880",NEUTRAL,83,83,7,MONITOR,16.7,0.0,83.3,6.73,logs/reports/daily_report_20260712_201015.md
BTC/USDT,4h,NEUTRAL,30,31,Low,Low,MONITOR_ONLY,SIDEWAYS,NEUTRAL,85,NEUTRAL_DOMINANT,5.83,kucoin,64226.6,"فعلاً فقط مانیتور شود | MTF هنوز جهت‌دار نیست | Volume تأیید نداده | Thesis: Neutral / Monitor Thesis | Conflicts: 1 | Historical economics: p=0.0%, E[R]=+0.000, n=0, status=MISSING",3.4,Ignore,⭐,IGNORE,Avoid,0,0.0,0.0,1.0,0.0,-5.7,0.0,0.0,1.0,0.0,0,MISSING,False,0.0,0.0,2026-07-12 16:00:00,نامشخص,نامشخص,,NEUTRAL,83,83,7,MONITOR,16.7,0.0,83.3,6.73,logs/reports/daily_report_20260712_201015.md
BNB/USDT,4h,NEUTRAL,30,31,Low,Low,MONITOR_ONLY,SIDEWAYS,NEUTRAL,100,NEUTRAL_DOMINANT,5.13,kucoin,579.665,"فعلاً فقط مانیتور شود | MTF هنوز جهت‌دار نیست | Volume تأیید نداده | Thesis: Neutral / Monitor Thesis | Conflicts: 1 | Historical economics: p=0.0%, E[R]=+0.000, n=0, status=MISSING",2.7,Ignore,⭐,IGNORE,Avoid,0,0.0,0.0,1.0,0.0,0.0,0.0,0.0,1.0,0.0,0,MISSING,False,0.0,0.0,2026-07-12 16:00:00,نامشخص,نامشخص,,NEUTRAL,83,83,7,MONITOR,16.7,0.0,83.3,6.73,logs/reports/daily_report_20260712_201015.md
XRP/USDT,4h,NEUTRAL,17,10,Low,Low,MONITOR_ONLY,QUIET,NEUTRAL,100,NEUTRAL_DOMINANT,1.15,kucoin,1.10046,"فعلاً فقط مانیتور شود | MTF هنوز جهت‌دار نیست | Volume تأیید نداده | Thesis: Neutral / Monitor Thesis | Conflicts: 1 | Historical economics: p=0.0%, E[R]=+0.000, n=0, status=MISSING",0.0,Ignore,⭐,IGNORE,Avoid,0,0.0,0.0,1.0,0.0,0.0,0.0,0.0,1.0,0.0,0,MISSING,False,0.0,0.0,2026-07-12 16:00:00,نامشخص,نامشخص,,NEUTRAL,83,83,7,MONITOR,16.7,0.0,83.3,6.73,logs/reports/daily_report_20260712_201015.md
SOL/USDT,4h,NEUTRAL,14,7,Low,Medium,MONITOR_ONLY,TRENDING_BEAR,NEUTRAL,85,NEUTRAL_DOMINANT,0.91,kucoin,77.7,"فعلاً فقط مانیتور شود | MTF هنوز جهت‌دار نیست | Volume تأیید نداده | Thesis: Neutral / Monitor Thesis | Historical economics: p=0.0%, E[R]=+0.000, n=0, status=MISSING",0.0,Ignore,⭐,IGNORE,Avoid,0,0.0,0.0,1.0,0.0,0.0,0.0,0.0,1.0,0.0,0,MISSING,False,0.0,0.0,2026-07-12 16:00:00,نامشخص,نامشخص,,NEUTRAL,83,83,7,MONITOR,16.7,0.0,83.3,6.73,logs/reports/daily_report_20260712_201015.md
DOGE/USDT,4h,NEUTRAL,11,9,Low,Low,MONITOR_ONLY,SIDEWAYS,NEUTRAL,100,NEUTRAL_DOMINANT,0.82,kucoin,0.07366,"فعلاً فقط مانیتور شود | MTF هنوز جهت‌دار نیست | Volume تأیید نداده | Thesis: Neutral / Monitor Thesis | Conflicts: 1 | Historical economics: p=0.0%, E[R]=+0.000, n=0, status=MISSING",0.0,Ignore,⭐,IGNORE,Avoid,0,0.0,0.0,1.0,0.0,0.0,0.0,0.0,1.0,0.0,0,MISSING,False,0.0,0.0,2026-07-12 16:00:00,نامشخص,نامشخص,,NEUTRAL,83,83,7,MONITOR,16.7,0.0,83.3,6.73,logs/reports/daily_report_20260712_201015.md
ETH/USDT,4h,LONG,53,48,Low-Medium,Low,NOT_ACTIONABLE,TRENDING_BULL,NEUTRAL,65,MIXED,40.35,kucoin,1821.36,"MTF هنوز جهت‌دار نیست | Volume تأیید نداده | Thesis: Bullish Thesis | Conflicts: 2 | Historical economics: p=0.0%, E[R]=+0.000, n=0, status=MISSING",34.26,Ignore,⭐,IGNORE,Avoid,10,0.89,2.25,1.0,6869.81,0.0,0.0,0.0,1.0,0.0,0,MISSING,False,0.0,0.0,2026-07-12 16:00:00,"1,816 - 1,825","1,794","1,844 | 1,862 | 1,880",NEUTRAL,83,83,7,MONITOR,16.7,0.0,83.3,6.73,logs/reports/daily_report_20260712_231409.md
BTC/USDT,4h,NEUTRAL,30,31,Low,Low,MONITOR_ONLY,SIDEWAYS,NEUTRAL,100,NEUTRAL_DOMINANT,5.83,kucoin,64226.6,"فعلاً فقط مانیتور شود | MTF هنوز جهت‌دار نیست | Volume تأیید نداده | Thesis: Neutral / Monitor Thesis | Conflicts: 1 | Historical economics: p=0.0%, E[R]=+0.000, n=0, status=MISSING",3.4,Ignore,⭐,IGNORE,Avoid,0,0.0,0.0,1.0,0.0,-5.7,0.0,0.0,1.0,0.0,0,MISSING,False,0.0,0.0,2026-07-12 16:00:00,نامشخص,نامشخص,,NEUTRAL,83,83,7,MONITOR,16.7,0.0,83.3,6.73,logs/reports/daily_report_20260712_231409.md
BNB/USDT,4h,NEUTRAL,30,31,Low,Low,MONITOR_ONLY,SIDEWAYS,NEUTRAL,100,NEUTRAL_DOMINANT,5.13,kucoin,579.665,"فعلاً فقط مانیتور شود | MTF هنوز جهت‌دار نیست | Volume تأیید نداده | Thesis: Neutral / Monitor Thesis | Conflicts: 1 | Historical economics: p=0.0%, E[R]=+0.000, n=0, status=MISSING",2.7,Ignore,⭐,IGNORE,Avoid,0,0.0,0.0,1.0,0.0,0.0,0.0,0.0,1.0,0.0,0,MISSING,False,0.0,0.0,2026-07-12 16:00:00,نامشخص,نامشخص,,NEUTRAL,83,83,7,MONITOR,16.7,0.0,83.3,6.73,logs/reports/daily_report_20260712_231409.md
XRP/USDT,4h,NEUTRAL,17,10,Low,Low,MONITOR_ONLY,QUIET,NEUTRAL,85,NEUTRAL_DOMINANT,1.15,kucoin,1.10046,"فعلاً فقط مانیتور شود | MTF هنوز جهت‌دار نیست | Volume تأیید نداده | Thesis: Neutral / Monitor Thesis | Conflicts: 1 | Historical economics: p=0.0%, E[R]=+0.000, n=0, status=MISSING",0.0,Ignore,⭐,IGNORE,Avoid,0,0.0,0.0,1.0,0.0,0.0,0.0,0.0,1.0,0.0,0,MISSING,False,0.0,0.0,2026-07-12 16:00:00,نامشخص,نامشخص,,NEUTRAL,83,83,7,MONITOR,16.7,0.0,83.3,6.73,logs/reports/daily_report_20260712_231409.md
SOL/USDT,4h,NEUTRAL,14,7,Low,Medium,MONITOR_ONLY,TRENDING_BEAR,NEUTRAL,100,NEUTRAL_DOMINANT,0.91,kucoin,77.7,"فعلاً فقط مانیتور شود | MTF هنوز جهت‌دار نیست | Volume تأیید نداده | Thesis: Neutral / Monitor Thesis | Historical economics: p=0.0%, E[R]=+0.000, n=0, status=MISSING",0.0,Ignore,⭐,IGNORE,Avoid,0,0.0,0.0,1.0,0.0,0.0,0.0,0.0,1.0,0.0,0,MISSING,False,0.0,0.0,2026-07-12 16:00:00,نامشخص,نامشخص,,NEUTRAL,83,83,7,MONITOR,16.7,0.0,83.3,6.73,logs/reports/daily_report_20260712_231409.md
DOGE/USDT,4h,NEUTRAL,11,9,Low,Low,MONITOR_ONLY,SIDEWAYS,NEUTRAL,85,NEUTRAL_DOMINANT,0.82,kucoin,0.07366,"فعلاً فقط مانیتور شود | MTF هنوز جهت‌دار نیست | Volume تأیید نداده | Thesis: Neutral / Monitor Thesis | Conflicts: 1 | Historical economics: p=0.0%, E[R]=+0.000, n=0, status=MISSING",0.0,Ignore,⭐,IGNORE,Avoid,0,0.0,0.0,1.0,0.0,0.0,0.0,0.0,1.0,0.0,0,MISSING,False,0.0,0.0,2026-07-12 16:00:00,نامشخص,نامشخص,,NEUTRAL,83,83,7,MONITOR,16.7,0.0,83.3,6.73,logs/reports/daily_report_20260712_231409.md
BTC/USDT,4h,SHORT,55,30,Low,Medium,WATCHLIST,TRENDING_BEAR,SHORT,50,CONFLICTED,73.5,kucoin,62987.3,"ارزش زیرنظر گرفتن دارد | MTF هم‌راستا است | Thesis: Bearish Thesis | Historical economics: p=0.0%, E[R]=+0.000, n=0, status=MISSING",67.85,Good,⭐⭐⭐,MONITOR,Avoid,27,0.91,2.3,2.0,8722.28,-1.36,0.0,0.0,1.0,0.0,0,MISSING,False,0.0,32.39,2026-07-13 04:00:00,"62,893 - 63,144","63,741","62,359 | 61,857 | 61,354",MIXED,50,50,34,CAUTION,0.0,50.0,50.0,31.75,logs/reports/daily_report_20260713_114539.md
XRP/USDT,4h,SHORT,57,50,Low-Medium,Low,WATCHLIST,TRENDING_BEAR,SHORT,50,CONFLICTED,73.0,kucoin,1.07965,"Trade Guard: WATCHLIST -> MONITOR | Trade Guard reason: R:R برای Watchlist کافی نیست: 0.50 | Trade Guard reason: Trade Quality برابر Avoid است | ارزش زیرنظر گرفتن دارد | MTF هم‌راستا است | Volume تأیید نداده | Thesis: Bearish Thesis | Conflicts: 1 | Historical economics: p=0.0%, E[R]=+0.000, n=0, status=MISSING",66.65,Good,⭐⭐⭐,MONITOR,Avoid,17,0.5,2.0,1.0,5400.0,0.0,0.0,0.0,1.0,0.0,0,MISSING,False,0.0,24.82,2026-07-13 04:00:00,1.08 - 1.08,1.10,1.07 | 1.05 | 1.04,MIXED,50,50,34,CAUTION,0.0,50.0,50.0,31.75,logs/reports/daily_report_20260713_114539.md
DOGE/USDT,4h,SHORT,49,43,Low-Medium,Low,NOT_ACTIONABLE,TRENDING_BEAR,SHORT,50,CONFLICTED,52.84,kucoin,0.07237,"MTF هم‌راستا است | Volume تأیید نداده | Thesis: Bearish Thesis | Conflicts: 1 | Historical economics: p=0.0%, E[R]=+0.000, n=0, status=MISSING",47.1,Weak,⭐⭐,MONITOR,Avoid,12,0.91,2.3,1.0,6042.76,0.0,0.0,0.0,1.0,0.0,0,MISSING,False,0.0,17.79,2026-07-13 04:00:00,0.072214 - 0.072631,0.073621,0.071328 | 0.070494 | 0.069661,MIXED,50,50,34,CAUTION,0.0,50.0,50.0,31.75,logs/reports/daily_report_20260713_114539.md
SOL/USDT,4h,NEUTRAL,42,39,Low,Low,MONITOR_ONLY,TRENDING_BEAR,NEUTRAL,85,NEUTRAL_DOMINANT,12.17,kucoin,76.45,"فعلاً فقط مانیتور شود | MTF هنوز جهت‌دار نیست | Volume تأیید نداده | Thesis: Neutral / Monitor Thesis | Conflicts: 1 | Historical economics: p=0.0%, E[R]=+0.000, n=0, status=MISSING",8.9,Ignore,⭐,IGNORE,Avoid,0,0.0,0.0,1.0,0.0,0.0,0.0,0.0,1.0,0.0,0,MISSING,False,0.0,0.0,2026-07-13 04:00:00,نامشخص,نامشخص,,MIXED,50,50,34,CAUTION,0.0,50.0,50.0,31.75,logs/reports/daily_report_20260713_114539.md
BNB/USDT,4h,NEUTRAL,21,24,Low,Medium,MONITOR_ONLY,SIDEWAYS,NEUTRAL,85,NEUTRAL_DOMINANT,1.77,kucoin,569.923,"فعلاً فقط مانیتور شود | MTF هنوز جهت‌دار نیست | Volume تأیید نداده | Thesis: Neutral / Monitor Thesis | Conflicts: 1 | Historical economics: p=0.0%, E[R]=+0.000, n=0, status=MISSING",0.0,Ignore,⭐,IGNORE,Avoid,0,0.0,0.0,1.0,0.0,0.0,0.0,0.0,1.0,0.0,0,MISSING,False,0.0,0.0,2026-07-13 04:00:00,نامشخص,نامشخص,,MIXED,50,50,34,CAUTION,0.0,50.0,50.0,31.75,logs/reports/daily_report_20260713_114539.md
ETH/USDT,4h,NEUTRAL,17,12,Low,Low,MONITOR_ONLY,SIDEWAYS,LONG,50,CONFLICTED,1.21,kucoin,1787.38,"فعلاً فقط مانیتور شود | Thesis: Neutral / Monitor Thesis | Historical economics: p=0.0%, E[R]=+0.000, n=0, status=MISSING",0.0,Ignore,⭐,IGNORE,Avoid,0,0.0,0.0,1.0,0.0,0.0,0.0,0.0,1.0,0.0,0,MISSING,False,0.0,0.0,2026-07-13 04:00:00,نامشخص,نامشخص,,MIXED,50,50,34,CAUTION,0.0,50.0,50.0,31.75,logs/reports/daily_report_20260713_114539.md
SOL/USDT,4h,SHORT,72,70,Medium,Low,WATCHLIST,TRENDING_BEAR,SHORT,50,CONFLICTED,85.8,kucoin,75.82,"Trade Guard: ACTIONABLE -> MONITOR | Trade Guard reason: R:R برای Actionable کافی نیست: 0.92 | Trade Guard reason: Trade Quality برابر Avoid است | ارزش زیرنظر گرفتن دارد | MTF هم‌راستا است | Thesis: Bearish Thesis | Historical economics: p=0.0%, E[R]=+0.000, n=0, status=MISSING",78.1,Strong,⭐⭐⭐⭐,MONITOR,Avoid,35,0.92,2.32,1.0,5705.26,0.0,0.0,0.0,1.0,0.0,0,MISSING,False,0.0,25.68,2026-07-13 12:00:00,75.65 - 76.11,77.21,74.66 | 73.73 | 72.80,MIXED,50,50,39,CAUTION,0.0,50.0,50.0,35.92,logs/reports/daily_report_20260713_182303.md
XRP/USDT,4h,SHORT,63,53,Low-Medium,Low,WATCHLIST,TRENDING_BEAR,SHORT,50,CONFLICTED,76.94,kucoin,1.07241,"Trade Guard: WATCHLIST -> MONITOR | Trade Guard reason: Trade Quality برابر Avoid است | ارزش زیرنظر گرفتن دارد | MTF هم‌راستا است | Thesis: Bearish Thesis | Historical economics: p=0.0%, E[R]=+0.000, n=0, status=MISSING",70.2,Good,⭐⭐⭐,MONITOR,Avoid,25,1.0,2.33,1.0,7166.67,0.0,0.0,0.0,1.0,0.0,0,MISSING,False,0.0,28.95,2026-07-13 12:00:00,1.07 - 1.08,1.09,1.06 | 1.05 | 1.04,MIXED,50,50,39,CAUTION,0.0,50.0,50.0,35.92,logs/reports/daily_report_20260713_182303.md
DOGE/USDT,4h,SHORT,49,44,Low-Medium,Low,NOT_ACTIONABLE,SIDEWAYS,SHORT,50,CONFLICTED,53.82,kucoin,0.07209,"MTF هم‌راستا است | Thesis: Bearish Thesis | Historical economics: p=0.0%, E[R]=+0.000, n=0, status=MISSING",48.05,Weak,⭐⭐,MONITOR,Avoid,18,0.91,2.31,1.0,6358.7,0.0,0.0,0.0,1.0,0.0,0,MISSING,False,0.0,20.38,2026-07-13 12:00:00,0.071942 - 0.072337,0.073274,0.071103 | 0.070313 | 0.069524,MIXED,50,50,39,CAUTION,0.0,50.0,50.0,35.92,logs/reports/daily_report_20260713_182303.md
BTC/USDT,4h,NEUTRAL,40,40,Low-Medium,Low,MONITOR_ONLY,SIDEWAYS,NEUTRAL,85,NEUTRAL_DOMINANT,12.35,kucoin,62614.3,"فعلاً فقط مانیتور شود | MTF هنوز جهت‌دار نیست | Thesis: Neutral / Monitor Thesis | Historical economics: p=0.0%, E[R]=+0.000, n=0, status=MISSING",9.15,Ignore,⭐,IGNORE,Avoid,0,0.0,0.0,1.0,0.0,-1.95,0.0,0.0,1.0,0.0,0,MISSING,False,0.0,0.0,2026-07-13 12:00:00,نامشخص,نامشخص,,MIXED,50,50,39,CAUTION,0.0,50.0,50.0,35.92,logs/reports/daily_report_20260713_182303.md
BNB/USDT,4h,NEUTRAL,34,35,Low,Low,MONITOR_ONLY,SIDEWAYS,NEUTRAL,85,NEUTRAL_DOMINANT,8.55,kucoin,568.51,"فعلاً فقط مانیتور شود | MTF هنوز جهت‌دار نیست | Thesis: Neutral / Monitor Thesis | Historical economics: p=0.0%, E[R]=+0.000, n=0, status=MISSING",5.8,Ignore,⭐,IGNORE,Avoid,0,0.0,0.0,1.0,0.0,0.0,0.0,0.0,1.0,0.0,0,MISSING,False,0.0,0.0,2026-07-13 12:00:00,نامشخص,نامشخص,,MIXED,50,50,39,CAUTION,0.0,50.0,50.0,35.92,logs/reports/daily_report_20260713_182303.md
ETH/USDT,4h,NEUTRAL,33,33,Low,Low,MONITOR_ONLY,TRENDING_BULL,LONG,50,CONFLICTED,6.84,kucoin,1777.15,"فعلاً فقط مانیتور شود | Thesis: Neutral / Monitor Thesis | Historical economics: p=0.0%, E[R]=+0.000, n=0, status=MISSING",4.2,Ignore,⭐,IGNORE,Avoid,0,0.0,0.0,1.0,0.0,0.0,0.0,0.0,1.0,0.0,0,MISSING,False,0.0,0.0,2026-07-13 12:00:00,نامشخص,نامشخص,,MIXED,50,50,39,CAUTION,0.0,50.0,50.0,35.92,logs/reports/daily_report_20260713_182303.md
SOL/USDT,4h,SHORT,75,73,Medium,Low,WATCHLIST,TRENDING_BEAR,SHORT,50,CONFLICTED,87.34,kucoin,75.2,"Trade Guard: ACTIONABLE -> MONITOR | Trade Guard reason: R:R برای Actionable کافی نیست: 0.91 | Trade Guard reason: Trade Quality برابر Avoid است | ارزش زیرنظر گرفتن دارد | MTF هم‌راستا است | Thesis: Bearish Thesis | Historical economics: p=0.0%, E[R]=+0.000, n=0, status=MISSING",79.4,Strong,⭐⭐⭐⭐,MONITOR,Avoid,32,0.91,2.31,1.0,5533.82,0.0,0.0,0.0,1.0,0.0,0,MISSING,False,0.0,22.71,2026-07-13 16:00:00,75.02 - 75.50,76.62,74.02 | 73.07 | 72.12,MIXED,50,50,40,CAUTION,0.0,50.0,50.0,36.32,logs/reports/daily_report_20260713_233102.md
XRP/USDT,4h,SHORT,64,55,Low-Medium,Low,WATCHLIST,TRENDING_BEAR,SHORT,50,CONFLICTED,77.9,kucoin,1.0674,"Trade Guard: WATCHLIST -> MONITOR | Trade Guard reason: Trade Quality برابر Avoid است | ارزش زیرنظر گرفتن دارد | MTF هم‌راستا است | Volume تأیید نداده | Thesis: Bearish Thesis | Conflicts: 1 | Historical economics: p=0.0%, E[R]=+0.000, n=0, status=MISSING",71.05,Good,⭐⭐⭐,MONITOR,Avoid,35,2.0,4.0,1.0,10700.0,0.0,0.0,0.0,1.0,0.0,0,MISSING,False,0.0,26.0,2026-07-13 16:00:00,1.07 - 1.07,1.08,1.05 | 1.04 | 1.03,MIXED,50,50,40,CAUTION,0.0,50.0,50.0,36.32,logs/reports/daily_report_20260713_233102.md
BNB/USDT,4h,SHORT,51,51,Low-Medium,Low,NOT_ACTIONABLE,SIDEWAYS,SHORT,50,CONFLICTED,56.58,kucoin,566.034,"MTF هم‌راستا است | Thesis: Bearish Thesis | Historical economics: p=0.0%, E[R]=+0.000, n=0, status=MISSING",50.5,Weak,⭐⭐,MONITOR,Avoid,20,0.86,2.14,1.0,8085.71,0.0,0.0,0.0,1.0,0.0,0,MISSING,False,0.0,26.29,2026-07-13 16:00:00,565 - 567,573,560 | 556 | 551,MIXED,50,50,40,CAUTION,0.0,50.0,50.0,36.32,logs/reports/daily_report_20260713_233102.md
DOGE/USDT,4h,NEUTRAL,39,39,Low,Low,MONITOR_ONLY,SIDEWAYS,NEUTRAL,85,NEUTRAL_DOMINANT,11.67,kucoin,0.07182,"فعلاً فقط مانیتور شود | MTF هنوز جهت‌دار نیست | Thesis: Neutral / Monitor Thesis | Historical economics: p=0.0%, E[R]=+0.000, n=0, status=MISSING",8.55,Ignore,⭐,IGNORE,Avoid,0,0.0,0.0,1.0,0.0,0.0,0.0,0.0,1.0,0.0,0,MISSING,False,0.0,0.0,2026-07-13 16:00:00,نامشخص,نامشخص,,MIXED,50,50,40,CAUTION,0.0,50.0,50.0,36.32,logs/reports/daily_report_20260713_233102.md
BTC/USDT,4h,NEUTRAL,39,52,Low-Medium,Low,MONITOR_ONLY,SIDEWAYS,NEUTRAL,85,NEUTRAL_DOMINANT,8.93,kucoin,62293.8,"فعلاً فقط مانیتور شود | MTF هنوز جهت‌دار نیست | Thesis: Neutral / Monitor Thesis | Historical economics: p=0.0%, E[R]=+0.000, n=0, status=MISSING",5.42,Ignore,⭐,IGNORE,Avoid,0,0.0,0.0,1.0,0.0,0.0,0.0,0.0,1.0,0.0,0,MISSING,False,0.0,0.0,2026-07-13 16:00:00,نامشخص,نامشخص,,MIXED,50,50,40,CAUTION,0.0,50.0,50.0,36.32,logs/reports/daily_report_20260713_233102.md
ETH/USDT,4h,NEUTRAL,31,31,Low,Low,MONITOR_ONLY,TRENDING_BULL,LONG,50,CONFLICTED,5.48,kucoin,1774.81,"فعلاً فقط مانیتور شود | Thesis: Neutral / Monitor Thesis | Historical economics: p=0.0%, E[R]=+0.000, n=0, status=MISSING",3.0,Ignore,⭐,IGNORE,Avoid,0,0.0,0.0,1.0,0.0,0.0,0.0,0.0,1.0,0.0,0,MISSING,False,0.0,0.0,2026-07-13 16:00:00,نامشخص,نامشخص,,MIXED,50,50,40,CAUTION,0.0,50.0,50.0,36.32,logs/reports/daily_report_20260713_233102.md
XRP/USDT,4h,SHORT,53,50,Low-Medium,Low,NOT_ACTIONABLE,TRENDING_BEAR,NEUTRAL,65,MIXED,40.91,kucoin,1.06629,"MTF هنوز جهت‌دار نیست | Volume تأیید نداده | Thesis: Bearish Thesis | Conflicts: 2 | Historical economics: p=0.0%, E[R]=+0.000, n=0, status=MISSING",34.76,Ignore,⭐,IGNORE,Avoid,10,1.0,2.33,1.0,7100.0,0.0,0.0,0.0,1.0,0.0,0,MISSING,False,0.0,0.0,2026-07-14 00:00:00,1.06 - 1.07,1.08,1.05 | 1.04 | 1.03,NEUTRAL,67,67,12,MONITOR,0.0,33.3,66.7,12.23,logs/reports/daily_report_20260714_072733.md
BNB/USDT,4h,SHORT,48,40,Low-Medium,Low,NOT_ACTIONABLE,TRENDING_BEAR,NEUTRAL,65,MIXED,35.41,kucoin,570.059,"MTF هنوز جهت‌دار نیست | Volume تأیید نداده | Thesis: Bearish Thesis | Conflicts: 2 | Historical economics: p=0.0%, E[R]=+0.000, n=0, status=MISSING",29.81,Ignore,⭐,IGNORE,Avoid,7,0.71,2.0,1.0,8142.86,0.0,0.0,0.0,1.0,0.0,0,MISSING,False,0.0,0.0,2026-07-14 00:00:00,569 - 571,577,565 | 560 | 556,NEUTRAL,67,67,12,MONITOR,0.0,33.3,66.7,12.23,logs/reports/daily_report_20260714_072733.md
SOL/USDT,4h,NEUTRAL,43,39,Low,Medium,MONITOR_ONLY,TRENDING_BEAR,NEUTRAL,100,NEUTRAL_DOMINANT,10.97,kucoin,75.15,"فعلاً فقط مانیتور شود | MTF هنوز جهت‌دار نیست | Volume تأیید نداده | Thesis: Neutral / Monitor Thesis | Conflicts: 3 | Historical economics: p=0.0%, E[R]=+0.000, n=0, status=MISSING",7.65,Ignore,⭐,IGNORE,Avoid,0,0.0,0.0,1.0,0.0,0.0,0.0,0.0,1.0,0.0,0,MISSING,False,0.0,0.0,2026-07-14 00:00:00,نامشخص,نامشخص,,NEUTRAL,67,67,12,MONITOR,0.0,33.3,66.7,12.23,logs/reports/daily_report_20260714_072733.md
BTC/USDT,4h,NEUTRAL,27,29,Low,Low,MONITOR_ONLY,SIDEWAYS,NEUTRAL,100,NEUTRAL_DOMINANT,3.37,kucoin,62572.0,"فعلاً فقط مانیتور شود | MTF هنوز جهت‌دار نیست | Volume تأیید نداده | Thesis: Neutral / Monitor Thesis | Conflicts: 1 | Historical economics: p=0.0%, E[R]=+0.000, n=0, status=MISSING",1.15,Ignore,⭐,IGNORE,Avoid,0,0.0,0.0,1.0,0.0,-4.77,0.0,0.0,1.0,0.0,0,MISSING,False,0.0,0.0,2026-07-14 00:00:00,نامشخص,نامشخص,,NEUTRAL,67,67,12,MONITOR,0.0,33.3,66.7,12.23,logs/reports/daily_report_20260714_072733.md
DOGE/USDT,4h,NEUTRAL,25,26,Low,Medium,MONITOR_ONLY,SIDEWAYS,NEUTRAL,100,NEUTRAL_DOMINANT,2.03,kucoin,0.07204,"فعلاً فقط مانیتور شود | MTF هنوز جهت‌دار نیست | Thesis: Neutral / Monitor Thesis | Conflicts: 1 | Historical economics: p=0.0%, E[R]=+0.000, n=0, status=MISSING",0.0,Ignore,⭐,IGNORE,Avoid,0,0.0,0.0,1.0,0.0,0.0,0.0,0.0,1.0,0.0,0,MISSING,False,0.0,0.0,2026-07-14 00:00:00,نامشخص,نامشخص,,NEUTRAL,67,67,12,MONITOR,0.0,33.3,66.7,12.23,logs/reports/daily_report_20260714_072733.md
ETH/USDT,4h,NEUTRAL,14,14,Low,Medium,MONITOR_ONLY,SIDEWAYS,NEUTRAL,100,NEUTRAL_DOMINANT,1.12,kucoin,1783.55,"فعلاً فقط مانیتور شود | MTF هنوز جهت‌دار نیست | Volume تأیید نداده | Thesis: Neutral / Monitor Thesis | Historical economics: p=0.0%, E[R]=+0.000, n=0, status=MISSING",0.0,Ignore,⭐,IGNORE,Avoid,0,0.0,0.0,1.0,0.0,0.0,0.0,0.0,1.0,0.0,0,MISSING,False,0.0,0.0,2026-07-14 00:00:00,نامشخص,نامشخص,,NEUTRAL,67,67,12,MONITOR,0.0,33.3,66.7,12.23,logs/reports/daily_report_20260714_072733.md
XRP/USDT,4h,SHORT,46,40,Low-Medium,Low,NOT_ACTIONABLE,TRENDING_BEAR,NEUTRAL,50,MIXED,36.67,kucoin,1.07252,"MTF هنوز جهت‌دار نیست | Thesis: Bearish Thesis | Historical economics: p=0.0%, E[R]=+0.000, n=0, status=MISSING",31.17,Ignore,⭐,IGNORE,Avoid,14,1.0,2.33,1.0,7166.67,0.0,0.0,0.0,1.0,0.0,0,MISSING,False,0.0,0.0,2026-07-14 08:00:00,1.07 - 1.08,1.09,1.06 | 1.05 | 1.04,NEUTRAL,67,67,11,MONITOR,0.0,33.3,66.7,11.27,logs/reports/daily_report_20260714_125213.md
SOL/USDT,4h,SHORT,44,40,Low-Medium,Low,NOT_ACTIONABLE,TRENDING_BEAR,NEUTRAL,65,MIXED,33.81,kucoin,75.39,"MTF هنوز جهت‌دار نیست | Thesis: Bearish Thesis | Conflicts: 1 | Historical economics: p=0.0%, E[R]=+0.000, n=0, status=MISSING",28.41,Ignore,⭐,IGNORE,Avoid,12,0.91,2.3,1.0,5964.03,0.0,0.0,0.0,1.0,0.0,0,MISSING,False,0.0,0.0,2026-07-14 08:00:00,75.23 - 75.66,76.71,74.29 | 73.41 | 72.53,NEUTRAL,67,67,11,MONITOR,0.0,33.3,66.7,11.27,logs/reports/daily_report_20260714_125213.md
ETH/USDT,4h,NEUTRAL,39,35,Low,Low,MONITOR_ONLY,SIDEWAYS,NEUTRAL,100,NEUTRAL_DOMINANT,11.05,kucoin,1797.87,"فعلاً فقط مانیتور شود | MTF هنوز جهت‌دار نیست | Thesis: Neutral / Monitor Thesis | Historical economics: p=0.0%, E[R]=+0.000, n=0, status=MISSING",8.05,Ignore,⭐,IGNORE,Avoid,0,0.0,0.0,1.0,0.0,0.0,0.0,0.0,1.0,0.0,0,MISSING,False,0.0,0.0,2026-07-14 08:00:00,نامشخص,نامشخص,,NEUTRAL,67,67,11,MONITOR,0.0,33.3,66.7,11.27,logs/reports/daily_report_20260714_125213.md
BNB/USDT,4h,NEUTRAL,26,16,Low,Medium,MONITOR_ONLY,TRENDING_BEAR,NEUTRAL,100,NEUTRAL_DOMINANT,1.78,kucoin,570.606,"فعلاً فقط مانیتور شود | MTF هنوز جهت‌دار نیست | Thesis: Neutral / Monitor Thesis | Historical economics: p=0.0%, E[R]=+0.000, n=0, status=MISSING",0.0,Ignore,⭐,IGNORE,Avoid,0,0.0,0.0,1.0,0.0,0.0,0.0,0.0,1.0,0.0,0,MISSING,False,0.0,0.0,2026-07-14 08:00:00,نامشخص,نامشخص,,NEUTRAL,67,67,11,MONITOR,0.0,33.3,66.7,11.27,logs/reports/daily_report_20260714_125213.md
BTC/USDT,4h,NEUTRAL,18,18,Low,Low,MONITOR_ONLY,SIDEWAYS,NEUTRAL,85,NEUTRAL_DOMINANT,1.44,kucoin,62842.9,"فعلاً فقط مانیتور شود | MTF هنوز جهت‌دار نیست | Thesis: Neutral / Monitor Thesis | Historical economics: p=0.0%, E[R]=+0.000, n=0, status=MISSING",0.0,Ignore,⭐,IGNORE,Avoid,0,0.0,0.0,1.0,0.0,-1.58,0.0,0.0,1.0,0.0,0,MISSING,False,0.0,0.0,2026-07-14 08:00:00,نامشخص,نامشخص,,NEUTRAL,67,67,11,MONITOR,0.0,33.3,66.7,11.27,logs/reports/daily_report_20260714_125213.md
DOGE/USDT,4h,NEUTRAL,14,15,Low,Medium,MONITOR_ONLY,SIDEWAYS,NEUTRAL,85,NEUTRAL_DOMINANT,1.15,kucoin,0.07227,"فعلاً فقط مانیتور شود | MTF هنوز جهت‌دار نیست | Volume تأیید نداده | Thesis: Neutral / Monitor Thesis | Historical economics: p=0.0%, E[R]=+0.000, n=0, status=MISSING",0.0,Ignore,⭐,IGNORE,Avoid,0,0.0,0.0,1.0,0.0,0.0,0.0,0.0,1.0,0.0,0,MISSING,False,0.0,0.0,2026-07-14 08:00:00,نامشخص,نامشخص,,NEUTRAL,67,67,11,MONITOR,0.0,33.3,66.7,11.27,logs/reports/daily_report_20260714_125213.md
