run_id,generated_utc,version,status,graph_rows,nodes_total,edges_total,paths_total,graph_maturity,top_path,top_path_samples,top_path_hit_rate_24h,top_path_avg_signed_return_24h_pct,top_learning_root_cause,top_learning_verdict
evidence_graph_20260710_112914,2026-07-10T11:29:14.950500+00:00,v9.0.0,NO_EVIDENCE_GRAPH_ROWS,0,0,0,0,NO_GRAPH_DATA,,,,,,
evidence_graph_20260710_112918,2026-07-10T11:29:18.692217+00:00,v9.0.0,NO_EVIDENCE_GRAPH_ROWS,0,0,0,0,NO_GRAPH_DATA,,,,,,
evidence_graph_20260710_112931,2026-07-10T11:29:31.771379+00:00,v9.0.0,NO_EVIDENCE_GRAPH_ROWS,0,0,0,0,NO_GRAPH_DATA,,,,,,
evidence_graph_20260710_112944,2026-07-10T11:29:44.861661+00:00,v9.0.0,NO_EVIDENCE_GRAPH_ROWS,0,0,0,0,NO_GRAPH_DATA,,,,,,
evidence_graph_20260710_181129,2026-07-10T18:11:29.176670+00:00,v9.0.0,NO_EVIDENCE_GRAPH_ROWS,0,0,0,0,NO_GRAPH_DATA,,,,,,
evidence_graph_20260710_181132,2026-07-10T18:11:32.720185+00:00,v9.0.0,NO_EVIDENCE_GRAPH_ROWS,0,0,0,0,NO_GRAPH_DATA,,,,,,
evidence_graph_20260710_181145,2026-07-10T18:11:45.369362+00:00,v9.0.0,NO_EVIDENCE_GRAPH_ROWS,0,0,0,0,NO_GRAPH_DATA,,,,,,
evidence_graph_20260710_181158,2026-07-10T18:11:58.672217+00:00,v9.0.0,NO_EVIDENCE_GRAPH_ROWS,0,0,0,0,NO_GRAPH_DATA,,,,,,
evidence_graph_20260710_233819,2026-07-10T23:38:19.319686+00:00,v9.0.0,NO_EVIDENCE_GRAPH_ROWS,0,0,0,0,NO_GRAPH_DATA,,,,,,
evidence_graph_20260710_233822,2026-07-10T23:38:22.867640+00:00,v9.0.0,NO_EVIDENCE_GRAPH_ROWS,0,0,0,0,NO_GRAPH_DATA,,,,,,
evidence_graph_20260710_233832,2026-07-10T23:38:32.509414+00:00,v9.0.0,NO_EVIDENCE_GRAPH_ROWS,0,0,0,0,NO_GRAPH_DATA,,,,,,
evidence_graph_20260710_233845,2026-07-10T23:38:45.170721+00:00,v9.0.0,NO_EVIDENCE_GRAPH_ROWS,0,0,0,0,NO_GRAPH_DATA,,,,,,
evidence_graph_20260711_072638,2026-07-11T07:26:38.699302+00:00,v9.0.0,NO_EVIDENCE_GRAPH_ROWS,0,0,0,0,NO_GRAPH_DATA,,,,,,
evidence_graph_20260711_072642,2026-07-11T07:26:42.241694+00:00,v9.0.0,NO_EVIDENCE_GRAPH_ROWS,0,0,0,0,NO_GRAPH_DATA,,,,,,
evidence_graph_20260711_072653,2026-07-11T07:26:53.151435+00:00,v9.0.0,NO_EVIDENCE_GRAPH_ROWS,0,0,0,0,NO_GRAPH_DATA,,,,,,
evidence_graph_20260711_072706,2026-07-11T07:27:06.469219+00:00,v9.0.0,NO_EVIDENCE_GRAPH_ROWS,0,0,0,0,NO_GRAPH_DATA,,,,,,
evidence_graph_20260711_113534,2026-07-11T11:35:34.281001+00:00,v9.0.0,EVIDENCE_GRAPH_ACTIVE_LOW_SAMPLE,1,7,10,3,LOW_SAMPLE_ACCUMULATING,EVIDENCE_SOURCE:FEDERAL_RESERVE_PRESS -> NARRATIVE:MIXED_NARRATIVE_CONFLICT_BEARISH_MACRO_POLICY -> ROOT_CAUSE:MACRO_POLICY_PRESSURE_BEARISH -> DECISION_CONTEXT:LONG_WATCHLIST_SCORE_70_79 -> OUTCOME:ROOT_CAUSE_HIT_24H,1,100.0,0.3409,MACRO_POLICY_PRESSURE,LOW_SAMPLE_DO_NOT_RETUNE
evidence_graph_20260711_113538,2026-07-11T11:35:38.052874+00:00,v9.0.0,EVIDENCE_GRAPH_ACTIVE_LOW_SAMPLE,1,7,10,3,LOW_SAMPLE_ACCUMULATING,EVIDENCE_SOURCE:FEDERAL_RESERVE_PRESS -> NARRATIVE:MIXED_NARRATIVE_CONFLICT_BEARISH_MACRO_POLICY -> ROOT_CAUSE:MACRO_POLICY_PRESSURE_BEARISH -> DECISION_CONTEXT:LONG_WATCHLIST_SCORE_70_79 -> OUTCOME:ROOT_CAUSE_HIT_24H,1,100.0,0.3409,MACRO_POLICY_PRESSURE,LOW_SAMPLE_DO_NOT_RETUNE
evidence_graph_20260711_113548,2026-07-11T11:35:48.163915+00:00,v9.0.0,EVIDENCE_GRAPH_ACTIVE_LOW_SAMPLE,1,7,10,3,LOW_SAMPLE_ACCUMULATING,EVIDENCE_SOURCE:FEDERAL_RESERVE_PRESS -> NARRATIVE:MIXED_NARRATIVE_CONFLICT_BEARISH_MACRO_POLICY -> ROOT_CAUSE:MACRO_POLICY_PRESSURE_BEARISH -> DECISION_CONTEXT:LONG_WATCHLIST_SCORE_70_79 -> OUTCOME:ROOT_CAUSE_HIT_24H,1,100.0,0.3409,MACRO_POLICY_PRESSURE,LOW_SAMPLE_DO_NOT_RETUNE
evidence_graph_20260711_113601,2026-07-11T11:36:01.264490+00:00,v9.0.0,EVIDENCE_GRAPH_ACTIVE_LOW_SAMPLE,1,7,10,3,LOW_SAMPLE_ACCUMULATING,EVIDENCE_SOURCE:FEDERAL_RESERVE_PRESS -> NARRATIVE:MIXED_NARRATIVE_CONFLICT_BEARISH_MACRO_POLICY -> ROOT_CAUSE:MACRO_POLICY_PRESSURE_BEARISH -> DECISION_CONTEXT:LONG_WATCHLIST_SCORE_70_79 -> OUTCOME:ROOT_CAUSE_HIT_24H,1,100.0,0.3409,MACRO_POLICY_PRESSURE,LOW_SAMPLE_DO_NOT_RETUNE
evidence_graph_20260711_153714,2026-07-11T15:37:14.209861+00:00,v9.0.0,EVIDENCE_GRAPH_ACTIVE_LOW_SAMPLE,1,7,10,3,LOW_SAMPLE_ACCUMULATING,EVIDENCE_SOURCE:FEDERAL_RESERVE_PRESS -> NARRATIVE:MIXED_NARRATIVE_CONFLICT_BEARISH_MACRO_POLICY -> ROOT_CAUSE:MACRO_POLICY_PRESSURE_BEARISH -> DECISION_CONTEXT:LONG_WATCHLIST_SCORE_70_79 -> OUTCOME:ROOT_CAUSE_HIT_24H,1,100.0,0.3281,MACRO_POLICY_PRESSURE,LOW_SAMPLE_DO_NOT_RETUNE
evidence_graph_20260711_153717,2026-07-11T15:37:17.819933+00:00,v9.0.0,EVIDENCE_GRAPH_ACTIVE_LOW_SAMPLE,1,7,10,3,LOW_SAMPLE_ACCUMULATING,EVIDENCE_SOURCE:FEDERAL_RESERVE_PRESS -> NARRATIVE:MIXED_NARRATIVE_CONFLICT_BEARISH_MACRO_POLICY -> ROOT_CAUSE:MACRO_POLICY_PRESSURE_BEARISH -> DECISION_CONTEXT:LONG_WATCHLIST_SCORE_70_79 -> OUTCOME:ROOT_CAUSE_HIT_24H,1,100.0,0.3281,MACRO_POLICY_PRESSURE,LOW_SAMPLE_DO_NOT_RETUNE
evidence_graph_20260711_153728,2026-07-11T15:37:28.073929+00:00,v9.0.0,EVIDENCE_GRAPH_ACTIVE_LOW_SAMPLE,1,7,10,3,LOW_SAMPLE_ACCUMULATING,EVIDENCE_SOURCE:FEDERAL_RESERVE_PRESS -> NARRATIVE:MIXED_NARRATIVE_CONFLICT_BEARISH_MACRO_POLICY -> ROOT_CAUSE:MACRO_POLICY_PRESSURE_BEARISH -> DECISION_CONTEXT:LONG_WATCHLIST_SCORE_70_79 -> OUTCOME:ROOT_CAUSE_HIT_24H,1,100.0,0.3281,MACRO_POLICY_PRESSURE,LOW_SAMPLE_DO_NOT_RETUNE
evidence_graph_20260711_153740,2026-07-11T15:37:40.282178+00:00,v9.0.0,EVIDENCE_GRAPH_ACTIVE_LOW_SAMPLE,1,7,10,3,LOW_SAMPLE_ACCUMULATING,EVIDENCE_SOURCE:FEDERAL_RESERVE_PRESS -> NARRATIVE:MIXED_NARRATIVE_CONFLICT_BEARISH_MACRO_POLICY -> ROOT_CAUSE:MACRO_POLICY_PRESSURE_BEARISH -> DECISION_CONTEXT:LONG_WATCHLIST_SCORE_70_79 -> OUTCOME:ROOT_CAUSE_HIT_24H,1,100.0,0.3281,MACRO_POLICY_PRESSURE,LOW_SAMPLE_DO_NOT_RETUNE
evidence_graph_20260711_201101,2026-07-11T20:11:01.079871+00:00,v9.0.0,EVIDENCE_GRAPH_ACTIVE_LOW_SAMPLE,3,10,15,9,LOW_SAMPLE_ACCUMULATING,EVIDENCE_SOURCE:FEDERAL_RESERVE_PRESS -> NARRATIVE:MIXED_NARRATIVE_CONFLICT_BEARISH_MACRO_POLICY -> ROOT_CAUSE:MACRO_POLICY_PRESSURE_BEARISH -> DECISION_CONTEXT:LONG_WATCHLIST_SCORE_70_79 -> OUTCOME:ROOT_CAUSE_HIT_24H,1,100.0,0.3281,MACRO_POLICY_PRESSURE,LOW_SAMPLE_DO_NOT_RETUNE
evidence_graph_20260711_201104,2026-07-11T20:11:04.861712+00:00,v9.0.0,EVIDENCE_GRAPH_ACTIVE_LOW_SAMPLE,3,10,15,9,LOW_SAMPLE_ACCUMULATING,EVIDENCE_SOURCE:FEDERAL_RESERVE_PRESS -> NARRATIVE:MIXED_NARRATIVE_CONFLICT_BEARISH_MACRO_POLICY -> ROOT_CAUSE:MACRO_POLICY_PRESSURE_BEARISH -> DECISION_CONTEXT:LONG_WATCHLIST_SCORE_70_79 -> OUTCOME:ROOT_CAUSE_HIT_24H,1,100.0,0.3281,MACRO_POLICY_PRESSURE,LOW_SAMPLE_DO_NOT_RETUNE
evidence_graph_20260711_201119,2026-07-11T20:11:19.317204+00:00,v9.0.0,EVIDENCE_GRAPH_ACTIVE_LOW_SAMPLE,3,10,15,9,LOW_SAMPLE_ACCUMULATING,EVIDENCE_SOURCE:FEDERAL_RESERVE_PRESS -> NARRATIVE:MIXED_NARRATIVE_CONFLICT_BEARISH_MACRO_POLICY -> ROOT_CAUSE:MACRO_POLICY_PRESSURE_BEARISH -> DECISION_CONTEXT:LONG_WATCHLIST_SCORE_70_79 -> OUTCOME:ROOT_CAUSE_HIT_24H,1,100.0,0.3281,MACRO_POLICY_PRESSURE,LOW_SAMPLE_DO_NOT_RETUNE
evidence_graph_20260711_201131,2026-07-11T20:11:31.620281+00:00,v9.0.0,EVIDENCE_GRAPH_ACTIVE_LOW_SAMPLE,3,10,15,9,LOW_SAMPLE_ACCUMULATING,EVIDENCE_SOURCE:FEDERAL_RESERVE_PRESS -> NARRATIVE:MIXED_NARRATIVE_CONFLICT_BEARISH_MACRO_POLICY -> ROOT_CAUSE:MACRO_POLICY_PRESSURE_BEARISH -> DECISION_CONTEXT:LONG_WATCHLIST_SCORE_70_79 -> OUTCOME:ROOT_CAUSE_HIT_24H,1,100.0,0.3281,MACRO_POLICY_PRESSURE,LOW_SAMPLE_DO_NOT_RETUNE
evidence_graph_20260711_223431,2026-07-11T22:34:31.823443+00:00,v9.0.0,EVIDENCE_GRAPH_ACTIVE_LOW_SAMPLE,2,9,13,6,LOW_SAMPLE_ACCUMULATING,EVIDENCE_SOURCE:FEDERAL_RESERVE_PRESS -> NARRATIVE:MIXED_NARRATIVE_CONFLICT_BEARISH_MACRO_POLICY -> ROOT_CAUSE:MACRO_POLICY_PRESSURE_BEARISH -> DECISION_CONTEXT:LONG_WATCHLIST_SCORE_70_79 -> OUTCOME:ROOT_CAUSE_HIT_24H,1,100.0,0.3281,MACRO_POLICY_PRESSURE,LOW_SAMPLE_DO_NOT_RETUNE
evidence_graph_20260711_223435,2026-07-11T22:34:35.585423+00:00,v9.0.0,EVIDENCE_GRAPH_ACTIVE_LOW_SAMPLE,2,9,13,6,LOW_SAMPLE_ACCUMULATING,EVIDENCE_SOURCE:FEDERAL_RESERVE_PRESS -> NARRATIVE:MIXED_NARRATIVE_CONFLICT_BEARISH_MACRO_POLICY -> ROOT_CAUSE:MACRO_POLICY_PRESSURE_BEARISH -> DECISION_CONTEXT:LONG_WATCHLIST_SCORE_70_79 -> OUTCOME:ROOT_CAUSE_HIT_24H,1,100.0,0.3281,MACRO_POLICY_PRESSURE,LOW_SAMPLE_DO_NOT_RETUNE
evidence_graph_20260711_223450,2026-07-11T22:34:50.048898+00:00,v9.0.0,EVIDENCE_GRAPH_ACTIVE_LOW_SAMPLE,2,9,13,6,LOW_SAMPLE_ACCUMULATING,EVIDENCE_SOURCE:FEDERAL_RESERVE_PRESS -> NARRATIVE:MIXED_NARRATIVE_CONFLICT_BEARISH_MACRO_POLICY -> ROOT_CAUSE:MACRO_POLICY_PRESSURE_BEARISH -> DECISION_CONTEXT:LONG_WATCHLIST_SCORE_70_79 -> OUTCOME:ROOT_CAUSE_HIT_24H,1,100.0,0.3281,MACRO_POLICY_PRESSURE,LOW_SAMPLE_DO_NOT_RETUNE
evidence_graph_20260711_223502,2026-07-11T22:35:02.544426+00:00,v9.0.0,EVIDENCE_GRAPH_ACTIVE_LOW_SAMPLE,2,9,13,6,LOW_SAMPLE_ACCUMULATING,EVIDENCE_SOURCE:FEDERAL_RESERVE_PRESS -> NARRATIVE:MIXED_NARRATIVE_CONFLICT_BEARISH_MACRO_POLICY -> ROOT_CAUSE:MACRO_POLICY_PRESSURE_BEARISH -> DECISION_CONTEXT:LONG_WATCHLIST_SCORE_70_79 -> OUTCOME:ROOT_CAUSE_HIT_24H,1,100.0,0.3281,MACRO_POLICY_PRESSURE,LOW_SAMPLE_DO_NOT_RETUNE
evidence_graph_20260712_075301,2026-07-12T07:53:01.144201+00:00,v9.0.0,EVIDENCE_GRAPH_ACTIVE_LOW_SAMPLE,3,10,15,9,LOW_SAMPLE_ACCUMULATING,EVIDENCE_SOURCE:FEDERAL_RESERVE_PRESS -> NARRATIVE:MIXED_NARRATIVE_CONFLICT_BEARISH_MACRO_POLICY -> ROOT_CAUSE:MACRO_POLICY_PRESSURE_BEARISH -> DECISION_CONTEXT:NEUTRAL_MONITOR_ONLY_SCORE_30_39 -> OUTCOME:ROOT_CAUSE_HIT_24H,1,100.0,0.5747,MACRO_POLICY_PRESSURE,LOW_SAMPLE_DO_NOT_RETUNE
evidence_graph_20260712_075305,2026-07-12T07:53:05.022270+00:00,v9.0.0,EVIDENCE_GRAPH_ACTIVE_LOW_SAMPLE,3,10,15,9,LOW_SAMPLE_ACCUMULATING,EVIDENCE_SOURCE:FEDERAL_RESERVE_PRESS -> NARRATIVE:MIXED_NARRATIVE_CONFLICT_BEARISH_MACRO_POLICY -> ROOT_CAUSE:MACRO_POLICY_PRESSURE_BEARISH -> DECISION_CONTEXT:NEUTRAL_MONITOR_ONLY_SCORE_30_39 -> OUTCOME:ROOT_CAUSE_HIT_24H,1,100.0,0.5747,MACRO_POLICY_PRESSURE,LOW_SAMPLE_DO_NOT_RETUNE
evidence_graph_20260712_075317,2026-07-12T07:53:17.443325+00:00,v9.0.0,EVIDENCE_GRAPH_ACTIVE_LOW_SAMPLE,3,10,15,9,LOW_SAMPLE_ACCUMULATING,EVIDENCE_SOURCE:FEDERAL_RESERVE_PRESS -> NARRATIVE:MIXED_NARRATIVE_CONFLICT_BEARISH_MACRO_POLICY -> ROOT_CAUSE:MACRO_POLICY_PRESSURE_BEARISH -> DECISION_CONTEXT:NEUTRAL_MONITOR_ONLY_SCORE_30_39 -> OUTCOME:ROOT_CAUSE_HIT_24H,1,100.0,0.5747,MACRO_POLICY_PRESSURE,LOW_SAMPLE_DO_NOT_RETUNE
evidence_graph_20260712_075329,2026-07-12T07:53:29.879979+00:00,v9.0.0,EVIDENCE_GRAPH_ACTIVE_LOW_SAMPLE,3,10,15,9,LOW_SAMPLE_ACCUMULATING,EVIDENCE_SOURCE:FEDERAL_RESERVE_PRESS -> NARRATIVE:MIXED_NARRATIVE_CONFLICT_BEARISH_MACRO_POLICY -> ROOT_CAUSE:MACRO_POLICY_PRESSURE_BEARISH -> DECISION_CONTEXT:NEUTRAL_MONITOR_ONLY_SCORE_30_39 -> OUTCOME:ROOT_CAUSE_HIT_24H,1,100.0,0.5747,MACRO_POLICY_PRESSURE,LOW_SAMPLE_DO_NOT_RETUNE
evidence_graph_20260712_114843,2026-07-12T11:48:43.475794+00:00,v9.0.0,EVIDENCE_GRAPH_MIN_SAMPLE_READY,4,11,17,12,MIN_SAMPLE_READY,EVIDENCE_SOURCE:FEDERAL_RESERVE_PRESS -> NARRATIVE:MIXED_NARRATIVE_CONFLICT_BEARISH_MACRO_POLICY -> ROOT_CAUSE:MACRO_POLICY_PRESSURE_BEARISH -> DECISION_CONTEXT:NEUTRAL_MONITOR_ONLY_SCORE_30_39 -> OUTCOME:ROOT_CAUSE_HIT_24H,1,100.0,0.5747,MACRO_POLICY_PRESSURE,LOW_SAMPLE_DO_NOT_RETUNE
evidence_graph_20260712_114847,2026-07-12T11:48:47.326003+00:00,v9.0.0,EVIDENCE_GRAPH_MIN_SAMPLE_READY,4,11,17,12,MIN_SAMPLE_READY,EVIDENCE_SOURCE:FEDERAL_RESERVE_PRESS -> NARRATIVE:MIXED_NARRATIVE_CONFLICT_BEARISH_MACRO_POLICY -> ROOT_CAUSE:MACRO_POLICY_PRESSURE_BEARISH -> DECISION_CONTEXT:NEUTRAL_MONITOR_ONLY_SCORE_30_39 -> OUTCOME:ROOT_CAUSE_HIT_24H,1,100.0,0.5747,MACRO_POLICY_PRESSURE,LOW_SAMPLE_DO_NOT_RETUNE
evidence_graph_20260712_114858,2026-07-12T11:48:58.252348+00:00,v9.0.0,EVIDENCE_GRAPH_MIN_SAMPLE_READY,4,11,17,12,MIN_SAMPLE_READY,EVIDENCE_SOURCE:FEDERAL_RESERVE_PRESS -> NARRATIVE:MIXED_NARRATIVE_CONFLICT_BEARISH_MACRO_POLICY -> ROOT_CAUSE:MACRO_POLICY_PRESSURE_BEARISH -> DECISION_CONTEXT:NEUTRAL_MONITOR_ONLY_SCORE_30_39 -> OUTCOME:ROOT_CAUSE_HIT_24H,1,100.0,0.5747,MACRO_POLICY_PRESSURE,LOW_SAMPLE_DO_NOT_RETUNE
evidence_graph_20260712_114910,2026-07-12T11:49:10.467430+00:00,v9.0.0,EVIDENCE_GRAPH_MIN_SAMPLE_READY,4,11,17,12,MIN_SAMPLE_READY,EVIDENCE_SOURCE:FEDERAL_RESERVE_PRESS -> NARRATIVE:MIXED_NARRATIVE_CONFLICT_BEARISH_MACRO_POLICY -> ROOT_CAUSE:MACRO_POLICY_PRESSURE_BEARISH -> DECISION_CONTEXT:NEUTRAL_MONITOR_ONLY_SCORE_30_39 -> OUTCOME:ROOT_CAUSE_HIT_24H,1,100.0,0.5747,MACRO_POLICY_PRESSURE,LOW_SAMPLE_DO_NOT_RETUNE
evidence_graph_20260712_154319,2026-07-12T15:43:19.576538+00:00,v9.0.0,EVIDENCE_GRAPH_MIN_SAMPLE_READY,5,11,18,15,MIN_SAMPLE_READY,EVIDENCE_SOURCE:FEDERAL_RESERVE_PRESS -> NARRATIVE:MIXED_NARRATIVE_CONFLICT_BEARISH_MACRO_POLICY -> ROOT_CAUSE:MACRO_POLICY_PRESSURE_BEARISH -> DECISION_CONTEXT:NEUTRAL_MONITOR_ONLY_SCORE_30_39 -> OUTCOME:ROOT_CAUSE_HIT_24H,1,100.0,0.5747,MACRO_POLICY_PRESSURE,LOW_SAMPLE_DO_NOT_RETUNE
evidence_graph_20260712_154322,2026-07-12T15:43:22.760411+00:00,v9.0.0,EVIDENCE_GRAPH_MIN_SAMPLE_READY,5,11,18,15,MIN_SAMPLE_READY,EVIDENCE_SOURCE:FEDERAL_RESERVE_PRESS -> NARRATIVE:MIXED_NARRATIVE_CONFLICT_BEARISH_MACRO_POLICY -> ROOT_CAUSE:MACRO_POLICY_PRESSURE_BEARISH -> DECISION_CONTEXT:NEUTRAL_MONITOR_ONLY_SCORE_30_39 -> OUTCOME:ROOT_CAUSE_HIT_24H,1,100.0,0.5747,MACRO_POLICY_PRESSURE,LOW_SAMPLE_DO_NOT_RETUNE
evidence_graph_20260712_154333,2026-07-12T15:43:33.481017+00:00,v9.0.0,EVIDENCE_GRAPH_MIN_SAMPLE_READY,5,11,18,15,MIN_SAMPLE_READY,EVIDENCE_SOURCE:FEDERAL_RESERVE_PRESS -> NARRATIVE:MIXED_NARRATIVE_CONFLICT_BEARISH_MACRO_POLICY -> ROOT_CAUSE:MACRO_POLICY_PRESSURE_BEARISH -> DECISION_CONTEXT:NEUTRAL_MONITOR_ONLY_SCORE_30_39 -> OUTCOME:ROOT_CAUSE_HIT_24H,1,100.0,0.5747,MACRO_POLICY_PRESSURE,LOW_SAMPLE_DO_NOT_RETUNE
evidence_graph_20260712_154346,2026-07-12T15:43:46.012666+00:00,v9.0.0,EVIDENCE_GRAPH_MIN_SAMPLE_READY,5,11,18,15,MIN_SAMPLE_READY,EVIDENCE_SOURCE:FEDERAL_RESERVE_PRESS -> NARRATIVE:MIXED_NARRATIVE_CONFLICT_BEARISH_MACRO_POLICY -> ROOT_CAUSE:MACRO_POLICY_PRESSURE_BEARISH -> DECISION_CONTEXT:NEUTRAL_MONITOR_ONLY_SCORE_30_39 -> OUTCOME:ROOT_CAUSE_HIT_24H,1,100.0,0.5747,MACRO_POLICY_PRESSURE,LOW_SAMPLE_DO_NOT_RETUNE
evidence_graph_20260712_201030,2026-07-12T20:10:30.992988+00:00,v9.0.0,EVIDENCE_GRAPH_MIN_SAMPLE_READY,7,12,20,16,MIN_SAMPLE_READY,EVIDENCE_SOURCE:FEDERAL_RESERVE_PRESS -> NARRATIVE:MIXED_NARRATIVE_CONFLICT_BEARISH_MACRO_POLICY -> ROOT_CAUSE:MACRO_POLICY_PRESSURE_BEARISH -> DECISION_CONTEXT:NEUTRAL_MONITOR_ONLY_SCORE_30_39 -> OUTCOME:ROOT_CAUSE_HIT_24H,1,100.0,0.5747,MACRO_POLICY_PRESSURE,LOW_SAMPLE_DO_NOT_RETUNE
evidence_graph_20260712_201034,2026-07-12T20:10:34.698104+00:00,v9.0.0,EVIDENCE_GRAPH_MIN_SAMPLE_READY,7,12,20,16,MIN_SAMPLE_READY,EVIDENCE_SOURCE:FEDERAL_RESERVE_PRESS -> NARRATIVE:MIXED_NARRATIVE_CONFLICT_BEARISH_MACRO_POLICY -> ROOT_CAUSE:MACRO_POLICY_PRESSURE_BEARISH -> DECISION_CONTEXT:NEUTRAL_MONITOR_ONLY_SCORE_30_39 -> OUTCOME:ROOT_CAUSE_HIT_24H,1,100.0,0.5747,MACRO_POLICY_PRESSURE,LOW_SAMPLE_DO_NOT_RETUNE
evidence_graph_20260712_201045,2026-07-12T20:10:45.222707+00:00,v9.0.0,EVIDENCE_GRAPH_MIN_SAMPLE_READY,7,12,20,16,MIN_SAMPLE_READY,EVIDENCE_SOURCE:FEDERAL_RESERVE_PRESS -> NARRATIVE:MIXED_NARRATIVE_CONFLICT_BEARISH_MACRO_POLICY -> ROOT_CAUSE:MACRO_POLICY_PRESSURE_BEARISH -> DECISION_CONTEXT:NEUTRAL_MONITOR_ONLY_SCORE_30_39 -> OUTCOME:ROOT_CAUSE_HIT_24H,1,100.0,0.5747,MACRO_POLICY_PRESSURE,LOW_SAMPLE_DO_NOT_RETUNE
evidence_graph_20260712_201057,2026-07-12T20:10:57.753500+00:00,v9.0.0,EVIDENCE_GRAPH_MIN_SAMPLE_READY,7,12,20,16,MIN_SAMPLE_READY,EVIDENCE_SOURCE:FEDERAL_RESERVE_PRESS -> NARRATIVE:MIXED_NARRATIVE_CONFLICT_BEARISH_MACRO_POLICY -> ROOT_CAUSE:MACRO_POLICY_PRESSURE_BEARISH -> DECISION_CONTEXT:NEUTRAL_MONITOR_ONLY_SCORE_30_39 -> OUTCOME:ROOT_CAUSE_HIT_24H,1,100.0,0.5747,MACRO_POLICY_PRESSURE,LOW_SAMPLE_DO_NOT_RETUNE
evidence_graph_20260712_231423,2026-07-12T23:14:23.285744+00:00,v9.0.0,EVIDENCE_GRAPH_MIN_SAMPLE_READY,7,12,20,16,MIN_SAMPLE_READY,EVIDENCE_SOURCE:FEDERAL_RESERVE_PRESS -> NARRATIVE:MIXED_NARRATIVE_CONFLICT_BEARISH_MACRO_POLICY -> ROOT_CAUSE:MACRO_POLICY_PRESSURE_BEARISH -> DECISION_CONTEXT:NEUTRAL_MONITOR_ONLY_SCORE_30_39 -> OUTCOME:ROOT_CAUSE_HIT_24H,1,100.0,0.5747,MACRO_POLICY_PRESSURE,LOW_SAMPLE_DO_NOT_RETUNE
evidence_graph_20260712_231426,2026-07-12T23:14:26.941527+00:00,v9.0.0,EVIDENCE_GRAPH_MIN_SAMPLE_READY,7,12,20,16,MIN_SAMPLE_READY,EVIDENCE_SOURCE:FEDERAL_RESERVE_PRESS -> NARRATIVE:MIXED_NARRATIVE_CONFLICT_BEARISH_MACRO_POLICY -> ROOT_CAUSE:MACRO_POLICY_PRESSURE_BEARISH -> DECISION_CONTEXT:NEUTRAL_MONITOR_ONLY_SCORE_30_39 -> OUTCOME:ROOT_CAUSE_HIT_24H,1,100.0,0.5747,MACRO_POLICY_PRESSURE,LOW_SAMPLE_DO_NOT_RETUNE
evidence_graph_20260712_231437,2026-07-12T23:14:37.584209+00:00,v9.0.0,EVIDENCE_GRAPH_MIN_SAMPLE_READY,7,12,20,16,MIN_SAMPLE_READY,EVIDENCE_SOURCE:FEDERAL_RESERVE_PRESS -> NARRATIVE:MIXED_NARRATIVE_CONFLICT_BEARISH_MACRO_POLICY -> ROOT_CAUSE:MACRO_POLICY_PRESSURE_BEARISH -> DECISION_CONTEXT:NEUTRAL_MONITOR_ONLY_SCORE_30_39 -> OUTCOME:ROOT_CAUSE_HIT_24H,1,100.0,0.5747,MACRO_POLICY_PRESSURE,LOW_SAMPLE_DO_NOT_RETUNE
evidence_graph_20260712_231450,2026-07-12T23:14:50.268548+00:00,v9.0.0,EVIDENCE_GRAPH_MIN_SAMPLE_READY,7,12,20,16,MIN_SAMPLE_READY,EVIDENCE_SOURCE:FEDERAL_RESERVE_PRESS -> NARRATIVE:MIXED_NARRATIVE_CONFLICT_BEARISH_MACRO_POLICY -> ROOT_CAUSE:MACRO_POLICY_PRESSURE_BEARISH -> DECISION_CONTEXT:NEUTRAL_MONITOR_ONLY_SCORE_30_39 -> OUTCOME:ROOT_CAUSE_HIT_24H,1,100.0,0.5747,MACRO_POLICY_PRESSURE,LOW_SAMPLE_DO_NOT_RETUNE
evidence_graph_20260713_114553,2026-07-13T11:45:53.719611+00:00,v9.0.0,EVIDENCE_GRAPH_RESEARCH_SAMPLE_READY,10,13,22,20,RESEARCH_SAMPLE_READY,EVIDENCE_SOURCE:FEDERAL_RESERVE_SPEECHES -> NARRATIVE:MIXED_NARRATIVE_CONFLICT_BEARISH_MACRO_POLICY -> ROOT_CAUSE:MACRO_POLICY_PRESSURE_BEARISH -> DECISION_CONTEXT:LONG_WATCHLIST_SCORE_70_79 -> OUTCOME:ROOT_CAUSE_HIT_24H,1,100.0,2.1886,MACRO_POLICY_PRESSURE,EVIDENCE_WEIGHT_CAN_BE_REVIEWED_UP
evidence_graph_20260713_114557,2026-07-13T11:45:57.521117+00:00,v9.0.0,EVIDENCE_GRAPH_RESEARCH_SAMPLE_READY,10,13,22,20,RESEARCH_SAMPLE_READY,EVIDENCE_SOURCE:FEDERAL_RESERVE_SPEECHES -> NARRATIVE:MIXED_NARRATIVE_CONFLICT_BEARISH_MACRO_POLICY -> ROOT_CAUSE:MACRO_POLICY_PRESSURE_BEARISH -> DECISION_CONTEXT:LONG_WATCHLIST_SCORE_70_79 -> OUTCOME:ROOT_CAUSE_HIT_24H,1,100.0,2.1886,MACRO_POLICY_PRESSURE,EVIDENCE_WEIGHT_CAN_BE_REVIEWED_UP
evidence_graph_20260713_114611,2026-07-13T11:46:11.727768+00:00,v9.0.0,EVIDENCE_GRAPH_RESEARCH_SAMPLE_READY,10,13,22,20,RESEARCH_SAMPLE_READY,EVIDENCE_SOURCE:FEDERAL_RESERVE_SPEECHES -> NARRATIVE:MIXED_NARRATIVE_CONFLICT_BEARISH_MACRO_POLICY -> ROOT_CAUSE:MACRO_POLICY_PRESSURE_BEARISH -> DECISION_CONTEXT:LONG_WATCHLIST_SCORE_70_79 -> OUTCOME:ROOT_CAUSE_HIT_24H,1,100.0,2.1886,MACRO_POLICY_PRESSURE,EVIDENCE_WEIGHT_CAN_BE_REVIEWED_UP
evidence_graph_20260713_114623,2026-07-13T11:46:23.686241+00:00,v9.0.0,EVIDENCE_GRAPH_RESEARCH_SAMPLE_READY,10,13,22,20,RESEARCH_SAMPLE_READY,EVIDENCE_SOURCE:FEDERAL_RESERVE_SPEECHES -> NARRATIVE:MIXED_NARRATIVE_CONFLICT_BEARISH_MACRO_POLICY -> ROOT_CAUSE:MACRO_POLICY_PRESSURE_BEARISH -> DECISION_CONTEXT:LONG_WATCHLIST_SCORE_70_79 -> OUTCOME:ROOT_CAUSE_HIT_24H,1,100.0,2.1886,MACRO_POLICY_PRESSURE,EVIDENCE_WEIGHT_CAN_BE_REVIEWED_UP
evidence_graph_20260713_182317,2026-07-13T18:23:17.128962+00:00,v9.0.0,EVIDENCE_GRAPH_RESEARCH_SAMPLE_READY,11,15,26,21,RESEARCH_SAMPLE_READY,EVIDENCE_SOURCE:FEDERAL_RESERVE_SPEECHES -> NARRATIVE:MIXED_NARRATIVE_CONFLICT_BEARISH_MACRO_POLICY -> ROOT_CAUSE:MACRO_POLICY_PRESSURE_BEARISH -> DECISION_CONTEXT:LONG_WATCHLIST_SCORE_70_79 -> OUTCOME:ROOT_CAUSE_HIT_24H,1,100.0,2.1886,MACRO_POLICY_PRESSURE,EVIDENCE_WEIGHT_CAN_BE_REVIEWED_UP
evidence_graph_20260713_182320,2026-07-13T18:23:20.374933+00:00,v9.0.0,EVIDENCE_GRAPH_RESEARCH_SAMPLE_READY,11,15,26,21,RESEARCH_SAMPLE_READY,EVIDENCE_SOURCE:FEDERAL_RESERVE_SPEECHES -> NARRATIVE:MIXED_NARRATIVE_CONFLICT_BEARISH_MACRO_POLICY -> ROOT_CAUSE:MACRO_POLICY_PRESSURE_BEARISH -> DECISION_CONTEXT:LONG_WATCHLIST_SCORE_70_79 -> OUTCOME:ROOT_CAUSE_HIT_24H,1,100.0,2.1886,MACRO_POLICY_PRESSURE,EVIDENCE_WEIGHT_CAN_BE_REVIEWED_UP
evidence_graph_20260713_182334,2026-07-13T18:23:34.277583+00:00,v9.0.0,EVIDENCE_GRAPH_RESEARCH_SAMPLE_READY,11,15,26,21,RESEARCH_SAMPLE_READY,EVIDENCE_SOURCE:FEDERAL_RESERVE_SPEECHES -> NARRATIVE:MIXED_NARRATIVE_CONFLICT_BEARISH_MACRO_POLICY -> ROOT_CAUSE:MACRO_POLICY_PRESSURE_BEARISH -> DECISION_CONTEXT:LONG_WATCHLIST_SCORE_70_79 -> OUTCOME:ROOT_CAUSE_HIT_24H,1,100.0,2.1886,MACRO_POLICY_PRESSURE,EVIDENCE_WEIGHT_CAN_BE_REVIEWED_UP
evidence_graph_20260713_182346,2026-07-13T18:23:46.318138+00:00,v9.0.0,EVIDENCE_GRAPH_RESEARCH_SAMPLE_READY,11,15,26,21,RESEARCH_SAMPLE_READY,EVIDENCE_SOURCE:FEDERAL_RESERVE_SPEECHES -> NARRATIVE:MIXED_NARRATIVE_CONFLICT_BEARISH_MACRO_POLICY -> ROOT_CAUSE:MACRO_POLICY_PRESSURE_BEARISH -> DECISION_CONTEXT:LONG_WATCHLIST_SCORE_70_79 -> OUTCOME:ROOT_CAUSE_HIT_24H,1,100.0,2.1886,MACRO_POLICY_PRESSURE,EVIDENCE_WEIGHT_CAN_BE_REVIEWED_UP
evidence_graph_20260713_233115,2026-07-13T23:31:15.548699+00:00,v9.0.0,EVIDENCE_GRAPH_RESEARCH_SAMPLE_READY,13,15,26,21,RESEARCH_SAMPLE_READY,EVIDENCE_SOURCE:FEDERAL_RESERVE_PRESS -> NARRATIVE:NO_NARRATIVE_NEUTRAL_NO_THEME -> ROOT_CAUSE:MACRO_POLICY_PRESSURE_BEARISH -> DECISION_CONTEXT:NEUTRAL_0_SCORE_30_39 -> OUTCOME:ROOT_CAUSE_HIT_24H,3,100.0,2.5841,MACRO_POLICY_PRESSURE,EVIDENCE_WEIGHT_CAN_BE_REVIEWED_UP
evidence_graph_20260713_233119,2026-07-13T23:31:19.585472+00:00,v9.0.0,EVIDENCE_GRAPH_RESEARCH_SAMPLE_READY,13,15,26,21,RESEARCH_SAMPLE_READY,EVIDENCE_SOURCE:FEDERAL_RESERVE_PRESS -> NARRATIVE:NO_NARRATIVE_NEUTRAL_NO_THEME -> ROOT_CAUSE:MACRO_POLICY_PRESSURE_BEARISH -> DECISION_CONTEXT:NEUTRAL_0_SCORE_30_39 -> OUTCOME:ROOT_CAUSE_HIT_24H,3,100.0,2.5841,MACRO_POLICY_PRESSURE,EVIDENCE_WEIGHT_CAN_BE_REVIEWED_UP
evidence_graph_20260713_233134,2026-07-13T23:31:34.852113+00:00,v9.0.0,EVIDENCE_GRAPH_RESEARCH_SAMPLE_READY,13,15,26,21,RESEARCH_SAMPLE_READY,EVIDENCE_SOURCE:FEDERAL_RESERVE_PRESS -> NARRATIVE:NO_NARRATIVE_NEUTRAL_NO_THEME -> ROOT_CAUSE:MACRO_POLICY_PRESSURE_BEARISH -> DECISION_CONTEXT:NEUTRAL_0_SCORE_30_39 -> OUTCOME:ROOT_CAUSE_HIT_24H,3,100.0,2.5841,MACRO_POLICY_PRESSURE,EVIDENCE_WEIGHT_CAN_BE_REVIEWED_UP
evidence_graph_20260713_233146,2026-07-13T23:31:46.577562+00:00,v9.0.0,EVIDENCE_GRAPH_RESEARCH_SAMPLE_READY,13,15,26,21,RESEARCH_SAMPLE_READY,EVIDENCE_SOURCE:FEDERAL_RESERVE_PRESS -> NARRATIVE:NO_NARRATIVE_NEUTRAL_NO_THEME -> ROOT_CAUSE:MACRO_POLICY_PRESSURE_BEARISH -> DECISION_CONTEXT:NEUTRAL_0_SCORE_30_39 -> OUTCOME:ROOT_CAUSE_HIT_24H,3,100.0,2.5841,MACRO_POLICY_PRESSURE,EVIDENCE_WEIGHT_CAN_BE_REVIEWED_UP
evidence_graph_20260714_072746,2026-07-14T07:27:46.364876+00:00,v9.0.0,EVIDENCE_GRAPH_RESEARCH_SAMPLE_READY,13,15,26,21,RESEARCH_SAMPLE_READY,EVIDENCE_SOURCE:FEDERAL_RESERVE_PRESS -> NARRATIVE:NO_NARRATIVE_NEUTRAL_NO_THEME -> ROOT_CAUSE:MACRO_POLICY_PRESSURE_BEARISH -> DECISION_CONTEXT:NEUTRAL_0_SCORE_30_39 -> OUTCOME:ROOT_CAUSE_HIT_24H,3,100.0,2.5841,MACRO_POLICY_PRESSURE,EVIDENCE_WEIGHT_CAN_BE_REVIEWED_UP
evidence_graph_20260714_072750,2026-07-14T07:27:50.195031+00:00,v9.0.0,EVIDENCE_GRAPH_RESEARCH_SAMPLE_READY,13,15,26,21,RESEARCH_SAMPLE_READY,EVIDENCE_SOURCE:FEDERAL_RESERVE_PRESS -> NARRATIVE:NO_NARRATIVE_NEUTRAL_NO_THEME -> ROOT_CAUSE:MACRO_POLICY_PRESSURE_BEARISH -> DECISION_CONTEXT:NEUTRAL_0_SCORE_30_39 -> OUTCOME:ROOT_CAUSE_HIT_24H,3,100.0,2.5841,MACRO_POLICY_PRESSURE,EVIDENCE_WEIGHT_CAN_BE_REVIEWED_UP
evidence_graph_20260714_072800,2026-07-14T07:28:00.660977+00:00,v9.0.0,EVIDENCE_GRAPH_RESEARCH_SAMPLE_READY,13,15,26,21,RESEARCH_SAMPLE_READY,EVIDENCE_SOURCE:FEDERAL_RESERVE_PRESS -> NARRATIVE:NO_NARRATIVE_NEUTRAL_NO_THEME -> ROOT_CAUSE:MACRO_POLICY_PRESSURE_BEARISH -> DECISION_CONTEXT:NEUTRAL_0_SCORE_30_39 -> OUTCOME:ROOT_CAUSE_HIT_24H,3,100.0,2.5841,MACRO_POLICY_PRESSURE,EVIDENCE_WEIGHT_CAN_BE_REVIEWED_UP
evidence_graph_20260714_072812,2026-07-14T07:28:12.441898+00:00,v9.0.0,EVIDENCE_GRAPH_RESEARCH_SAMPLE_READY,13,15,26,21,RESEARCH_SAMPLE_READY,EVIDENCE_SOURCE:FEDERAL_RESERVE_PRESS -> NARRATIVE:NO_NARRATIVE_NEUTRAL_NO_THEME -> ROOT_CAUSE:MACRO_POLICY_PRESSURE_BEARISH -> DECISION_CONTEXT:NEUTRAL_0_SCORE_30_39 -> OUTCOME:ROOT_CAUSE_HIT_24H,3,100.0,2.5841,MACRO_POLICY_PRESSURE,EVIDENCE_WEIGHT_CAN_BE_REVIEWED_UP
evidence_graph_20260714_125228,2026-07-14T12:52:28.900144+00:00,v9.0.0,EVIDENCE_GRAPH_RESEARCH_SAMPLE_READY,14,16,28,22,RESEARCH_SAMPLE_READY,EVIDENCE_SOURCE:FEDERAL_RESERVE_PRESS -> NARRATIVE:NO_NARRATIVE_NEUTRAL_NO_THEME -> ROOT_CAUSE:MACRO_POLICY_PRESSURE_BEARISH -> DECISION_CONTEXT:NEUTRAL_0_SCORE_30_39 -> OUTCOME:ROOT_CAUSE_HIT_24H,3,100.0,2.5841,MACRO_POLICY_PRESSURE,EVIDENCE_WEIGHT_CAN_BE_REVIEWED_UP
evidence_graph_20260714_125232,2026-07-14T12:52:32.311882+00:00,v9.0.0,EVIDENCE_GRAPH_RESEARCH_SAMPLE_READY,14,16,28,22,RESEARCH_SAMPLE_READY,EVIDENCE_SOURCE:FEDERAL_RESERVE_PRESS -> NARRATIVE:NO_NARRATIVE_NEUTRAL_NO_THEME -> ROOT_CAUSE:MACRO_POLICY_PRESSURE_BEARISH -> DECISION_CONTEXT:NEUTRAL_0_SCORE_30_39 -> OUTCOME:ROOT_CAUSE_HIT_24H,3,100.0,2.5841,MACRO_POLICY_PRESSURE,EVIDENCE_WEIGHT_CAN_BE_REVIEWED_UP
evidence_graph_20260714_125243,2026-07-14T12:52:43.590661+00:00,v9.0.0,EVIDENCE_GRAPH_RESEARCH_SAMPLE_READY,14,16,28,22,RESEARCH_SAMPLE_READY,EVIDENCE_SOURCE:FEDERAL_RESERVE_PRESS -> NARRATIVE:NO_NARRATIVE_NEUTRAL_NO_THEME -> ROOT_CAUSE:MACRO_POLICY_PRESSURE_BEARISH -> DECISION_CONTEXT:NEUTRAL_0_SCORE_30_39 -> OUTCOME:ROOT_CAUSE_HIT_24H,3,100.0,2.5841,MACRO_POLICY_PRESSURE,EVIDENCE_WEIGHT_CAN_BE_REVIEWED_UP
evidence_graph_20260714_125255,2026-07-14T12:52:55.383542+00:00,v9.0.0,EVIDENCE_GRAPH_RESEARCH_SAMPLE_READY,14,16,28,22,RESEARCH_SAMPLE_READY,EVIDENCE_SOURCE:FEDERAL_RESERVE_PRESS -> NARRATIVE:NO_NARRATIVE_NEUTRAL_NO_THEME -> ROOT_CAUSE:MACRO_POLICY_PRESSURE_BEARISH -> DECISION_CONTEXT:NEUTRAL_0_SCORE_30_39 -> OUTCOME:ROOT_CAUSE_HIT_24H,3,100.0,2.5841,MACRO_POLICY_PRESSURE,EVIDENCE_WEIGHT_CAN_BE_REVIEWED_UP
evidence_graph_20260714_203509,2026-07-14T20:35:09.951987+00:00,v9.0.0,EVIDENCE_GRAPH_RESEARCH_SAMPLE_READY,16,17,31,23,RESEARCH_SAMPLE_READY,EVIDENCE_SOURCE:FEDERAL_RESERVE_PRESS -> NARRATIVE:NO_NARRATIVE_NEUTRAL_NO_THEME -> ROOT_CAUSE:MACRO_POLICY_PRESSURE_BEARISH -> DECISION_CONTEXT:NEUTRAL_0_SCORE_30_39 -> OUTCOME:ROOT_CAUSE_HIT_24H,3,100.0,2.5841,MACRO_POLICY_PRESSURE,EVIDENCE_WEIGHT_CAN_BE_REVIEWED_UP
evidence_graph_20260714_203512,2026-07-14T20:35:12.827616+00:00,v9.0.0,EVIDENCE_GRAPH_RESEARCH_SAMPLE_READY,16,17,31,23,RESEARCH_SAMPLE_READY,EVIDENCE_SOURCE:FEDERAL_RESERVE_PRESS -> NARRATIVE:NO_NARRATIVE_NEUTRAL_NO_THEME -> ROOT_CAUSE:MACRO_POLICY_PRESSURE_BEARISH -> DECISION_CONTEXT:NEUTRAL_0_SCORE_30_39 -> OUTCOME:ROOT_CAUSE_HIT_24H,3,100.0,2.5841,MACRO_POLICY_PRESSURE,EVIDENCE_WEIGHT_CAN_BE_REVIEWED_UP
evidence_graph_20260714_203525,2026-07-14T20:35:25.882203+00:00,v9.0.0,EVIDENCE_GRAPH_RESEARCH_SAMPLE_READY,16,17,31,23,RESEARCH_SAMPLE_READY,EVIDENCE_SOURCE:FEDERAL_RESERVE_PRESS -> NARRATIVE:NO_NARRATIVE_NEUTRAL_NO_THEME -> ROOT_CAUSE:MACRO_POLICY_PRESSURE_BEARISH -> DECISION_CONTEXT:NEUTRAL_0_SCORE_30_39 -> OUTCOME:ROOT_CAUSE_HIT_24H,3,100.0,2.5841,MACRO_POLICY_PRESSURE,EVIDENCE_WEIGHT_CAN_BE_REVIEWED_UP
evidence_graph_20260714_203539,2026-07-14T20:35:39.071851+00:00,v9.0.0,EVIDENCE_GRAPH_RESEARCH_SAMPLE_READY,16,17,31,23,RESEARCH_SAMPLE_READY,EVIDENCE_SOURCE:FEDERAL_RESERVE_PRESS -> NARRATIVE:NO_NARRATIVE_NEUTRAL_NO_THEME -> ROOT_CAUSE:MACRO_POLICY_PRESSURE_BEARISH -> DECISION_CONTEXT:NEUTRAL_0_SCORE_30_39 -> OUTCOME:ROOT_CAUSE_HIT_24H,3,100.0,2.5841,MACRO_POLICY_PRESSURE,EVIDENCE_WEIGHT_CAN_BE_REVIEWED_UP
evidence_graph_20260715_073230,2026-07-15T07:32:30.089333+00:00,v9.0.0,EVIDENCE_GRAPH_RESEARCH_SAMPLE_READY,17,17,32,24,RESEARCH_SAMPLE_READY,EVIDENCE_SOURCE:FEDERAL_RESERVE_PRESS -> NARRATIVE:NO_NARRATIVE_NEUTRAL_NO_THEME -> ROOT_CAUSE:MACRO_POLICY_PRESSURE_BEARISH -> DECISION_CONTEXT:NEUTRAL_0_SCORE_30_39 -> OUTCOME:ROOT_CAUSE_HIT_24H,3,100.0,2.5841,MACRO_POLICY_PRESSURE,EVIDENCE_WEIGHT_CAN_BE_REVIEWED_UP
evidence_graph_20260715_073233,2026-07-15T07:32:33.569090+00:00,v9.0.0,EVIDENCE_GRAPH_RESEARCH_SAMPLE_READY,17,17,32,24,RESEARCH_SAMPLE_READY,EVIDENCE_SOURCE:FEDERAL_RESERVE_PRESS -> NARRATIVE:NO_NARRATIVE_NEUTRAL_NO_THEME -> ROOT_CAUSE:MACRO_POLICY_PRESSURE_BEARISH -> DECISION_CONTEXT:NEUTRAL_0_SCORE_30_39 -> OUTCOME:ROOT_CAUSE_HIT_24H,3,100.0,2.5841,MACRO_POLICY_PRESSURE,EVIDENCE_WEIGHT_CAN_BE_REVIEWED_UP
evidence_graph_20260715_073248,2026-07-15T07:32:48.568745+00:00,v9.0.0,EVIDENCE_GRAPH_RESEARCH_SAMPLE_READY,17,17,32,24,RESEARCH_SAMPLE_READY,EVIDENCE_SOURCE:FEDERAL_RESERVE_PRESS -> NARRATIVE:NO_NARRATIVE_NEUTRAL_NO_THEME -> ROOT_CAUSE:MACRO_POLICY_PRESSURE_BEARISH -> DECISION_CONTEXT:NEUTRAL_0_SCORE_30_39 -> OUTCOME:ROOT_CAUSE_HIT_24H,3,100.0,2.5841,MACRO_POLICY_PRESSURE,EVIDENCE_WEIGHT_CAN_BE_REVIEWED_UP
evidence_graph_20260715_073300,2026-07-15T07:33:00.826638+00:00,v9.0.0,EVIDENCE_GRAPH_RESEARCH_SAMPLE_READY,17,17,32,24,RESEARCH_SAMPLE_READY,EVIDENCE_SOURCE:FEDERAL_RESERVE_PRESS -> NARRATIVE:NO_NARRATIVE_NEUTRAL_NO_THEME -> ROOT_CAUSE:MACRO_POLICY_PRESSURE_BEARISH -> DECISION_CONTEXT:NEUTRAL_0_SCORE_30_39 -> OUTCOME:ROOT_CAUSE_HIT_24H,3,100.0,2.5841,MACRO_POLICY_PRESSURE,EVIDENCE_WEIGHT_CAN_BE_REVIEWED_UP
evidence_graph_20260715_125839,2026-07-15T12:58:39.482223+00:00,v9.0.0,EVIDENCE_GRAPH_RESEARCH_SAMPLE_READY,18,18,34,25,RESEARCH_SAMPLE_READY,EVIDENCE_SOURCE:FEDERAL_RESERVE_PRESS -> NARRATIVE:NO_NARRATIVE_NEUTRAL_NO_THEME -> ROOT_CAUSE:MACRO_POLICY_PRESSURE_BEARISH -> DECISION_CONTEXT:NEUTRAL_0_SCORE_30_39 -> OUTCOME:ROOT_CAUSE_HIT_24H,3,100.0,2.5841,MACRO_POLICY_PRESSURE,EVIDENCE_WEIGHT_CAN_BE_REVIEWED_UP
evidence_graph_20260715_125843,2026-07-15T12:58:43.298841+00:00,v9.0.0,EVIDENCE_GRAPH_RESEARCH_SAMPLE_READY,18,18,34,25,RESEARCH_SAMPLE_READY,EVIDENCE_SOURCE:FEDERAL_RESERVE_PRESS -> NARRATIVE:NO_NARRATIVE_NEUTRAL_NO_THEME -> ROOT_CAUSE:MACRO_POLICY_PRESSURE_BEARISH -> DECISION_CONTEXT:NEUTRAL_0_SCORE_30_39 -> OUTCOME:ROOT_CAUSE_HIT_24H,3,100.0,2.5841,MACRO_POLICY_PRESSURE,EVIDENCE_WEIGHT_CAN_BE_REVIEWED_UP
evidence_graph_20260715_125857,2026-07-15T12:58:57.664725+00:00,v9.0.0,EVIDENCE_GRAPH_RESEARCH_SAMPLE_READY,18,18,34,25,RESEARCH_SAMPLE_READY,EVIDENCE_SOURCE:FEDERAL_RESERVE_PRESS -> NARRATIVE:NO_NARRATIVE_NEUTRAL_NO_THEME -> ROOT_CAUSE:MACRO_POLICY_PRESSURE_BEARISH -> DECISION_CONTEXT:NEUTRAL_0_SCORE_30_39 -> OUTCOME:ROOT_CAUSE_HIT_24H,3,100.0,2.5841,MACRO_POLICY_PRESSURE,EVIDENCE_WEIGHT_CAN_BE_REVIEWED_UP
evidence_graph_20260715_125909,2026-07-15T12:59:09.430117+00:00,v9.0.0,EVIDENCE_GRAPH_RESEARCH_SAMPLE_READY,18,18,34,25,RESEARCH_SAMPLE_READY,EVIDENCE_SOURCE:FEDERAL_RESERVE_PRESS -> NARRATIVE:NO_NARRATIVE_NEUTRAL_NO_THEME -> ROOT_CAUSE:MACRO_POLICY_PRESSURE_BEARISH -> DECISION_CONTEXT:NEUTRAL_0_SCORE_30_39 -> OUTCOME:ROOT_CAUSE_HIT_24H,3,100.0,2.5841,MACRO_POLICY_PRESSURE,EVIDENCE_WEIGHT_CAN_BE_REVIEWED_UP
evidence_graph_20260715_201922,2026-07-15T20:19:22.039690+00:00,v9.0.0,EVIDENCE_GRAPH_RESEARCH_SAMPLE_READY,19,18,34,25,RESEARCH_SAMPLE_READY,EVIDENCE_SOURCE:FEDERAL_RESERVE_PRESS -> NARRATIVE:NO_NARRATIVE_NEUTRAL_NO_THEME -> ROOT_CAUSE:MACRO_POLICY_PRESSURE_BEARISH -> DECISION_CONTEXT:NEUTRAL_0_SCORE_30_39 -> OUTCOME:ROOT_CAUSE_HIT_24H,3,100.0,2.5841,MACRO_POLICY_PRESSURE,EVIDENCE_WEIGHT_CAN_BE_REVIEWED_UP
evidence_graph_20260715_201925,2026-07-15T20:19:25.766575+00:00,v9.0.0,EVIDENCE_GRAPH_RESEARCH_SAMPLE_READY,19,18,34,25,RESEARCH_SAMPLE_READY,EVIDENCE_SOURCE:FEDERAL_RESERVE_PRESS -> NARRATIVE:NO_NARRATIVE_NEUTRAL_NO_THEME -> ROOT_CAUSE:MACRO_POLICY_PRESSURE_BEARISH -> DECISION_CONTEXT:NEUTRAL_0_SCORE_30_39 -> OUTCOME:ROOT_CAUSE_HIT_24H,3,100.0,2.5841,MACRO_POLICY_PRESSURE,EVIDENCE_WEIGHT_CAN_BE_REVIEWED_UP
evidence_graph_20260715_201940,2026-07-15T20:19:40.674423+00:00,v9.0.0,EVIDENCE_GRAPH_RESEARCH_SAMPLE_READY,19,18,34,25,RESEARCH_SAMPLE_READY,EVIDENCE_SOURCE:FEDERAL_RESERVE_PRESS -> NARRATIVE:NO_NARRATIVE_NEUTRAL_NO_THEME -> ROOT_CAUSE:MACRO_POLICY_PRESSURE_BEARISH -> DECISION_CONTEXT:NEUTRAL_0_SCORE_30_39 -> OUTCOME:ROOT_CAUSE_HIT_24H,3,100.0,2.5841,MACRO_POLICY_PRESSURE,EVIDENCE_WEIGHT_CAN_BE_REVIEWED_UP
evidence_graph_20260715_201952,2026-07-15T20:19:52.385223+00:00,v9.0.0,EVIDENCE_GRAPH_RESEARCH_SAMPLE_READY,19,18,34,25,RESEARCH_SAMPLE_READY,EVIDENCE_SOURCE:FEDERAL_RESERVE_PRESS -> NARRATIVE:NO_NARRATIVE_NEUTRAL_NO_THEME -> ROOT_CAUSE:MACRO_POLICY_PRESSURE_BEARISH -> DECISION_CONTEXT:NEUTRAL_0_SCORE_30_39 -> OUTCOME:ROOT_CAUSE_HIT_24H,3,100.0,2.5841,MACRO_POLICY_PRESSURE,EVIDENCE_WEIGHT_CAN_BE_REVIEWED_UP
evidence_graph_20260716_074951,2026-07-16T07:49:51.835586+00:00,v9.0.0,EVIDENCE_GRAPH_RESEARCH_SAMPLE_READY,20,18,35,26,RESEARCH_SAMPLE_READY,EVIDENCE_SOURCE:FEDERAL_RESERVE_PRESS -> NARRATIVE:NO_NARRATIVE_NEUTRAL_NO_THEME -> ROOT_CAUSE:MACRO_POLICY_PRESSURE_BEARISH -> DECISION_CONTEXT:NEUTRAL_0_SCORE_30_39 -> OUTCOME:ROOT_CAUSE_HIT_24H,3,100.0,2.5841,MACRO_POLICY_PRESSURE,EVIDENCE_WEIGHT_CAN_BE_REVIEWED_UP
evidence_graph_20260716_074955,2026-07-16T07:49:55.315887+00:00,v9.0.0,EVIDENCE_GRAPH_RESEARCH_SAMPLE_READY,20,18,35,26,RESEARCH_SAMPLE_READY,EVIDENCE_SOURCE:FEDERAL_RESERVE_PRESS -> NARRATIVE:NO_NARRATIVE_NEUTRAL_NO_THEME -> ROOT_CAUSE:MACRO_POLICY_PRESSURE_BEARISH -> DECISION_CONTEXT:NEUTRAL_0_SCORE_30_39 -> OUTCOME:ROOT_CAUSE_HIT_24H,3,100.0,2.5841,MACRO_POLICY_PRESSURE,EVIDENCE_WEIGHT_CAN_BE_REVIEWED_UP
evidence_graph_20260716_075006,2026-07-16T07:50:06.464704+00:00,v9.0.0,EVIDENCE_GRAPH_RESEARCH_SAMPLE_READY,20,18,35,26,RESEARCH_SAMPLE_READY,EVIDENCE_SOURCE:FEDERAL_RESERVE_PRESS -> NARRATIVE:NO_NARRATIVE_NEUTRAL_NO_THEME -> ROOT_CAUSE:MACRO_POLICY_PRESSURE_BEARISH -> DECISION_CONTEXT:NEUTRAL_0_SCORE_30_39 -> OUTCOME:ROOT_CAUSE_HIT_24H,3,100.0,2.5841,MACRO_POLICY_PRESSURE,EVIDENCE_WEIGHT_CAN_BE_REVIEWED_UP
evidence_graph_20260716_075018,2026-07-16T07:50:18.390501+00:00,v9.0.0,EVIDENCE_GRAPH_RESEARCH_SAMPLE_READY,20,18,35,26,RESEARCH_SAMPLE_READY,EVIDENCE_SOURCE:FEDERAL_RESERVE_PRESS -> NARRATIVE:NO_NARRATIVE_NEUTRAL_NO_THEME -> ROOT_CAUSE:MACRO_POLICY_PRESSURE_BEARISH -> DECISION_CONTEXT:NEUTRAL_0_SCORE_30_39 -> OUTCOME:ROOT_CAUSE_HIT_24H,3,100.0,2.5841,MACRO_POLICY_PRESSURE,EVIDENCE_WEIGHT_CAN_BE_REVIEWED_UP
evidence_graph_20260716_130855,2026-07-16T13:08:55.167684+00:00,v9.0.0,EVIDENCE_GRAPH_RESEARCH_SAMPLE_READY,21,18,36,27,RESEARCH_SAMPLE_READY,EVIDENCE_SOURCE:FEDERAL_RESERVE_PRESS -> NARRATIVE:NO_NARRATIVE_NEUTRAL_NO_THEME -> ROOT_CAUSE:MACRO_POLICY_PRESSURE_BEARISH -> DECISION_CONTEXT:NEUTRAL_0_SCORE_30_39 -> OUTCOME:ROOT_CAUSE_HIT_24H,3,100.0,2.5841,MACRO_POLICY_PRESSURE,EVIDENCE_WEIGHT_CAN_BE_REVIEWED_UP
evidence_graph_20260716_130858,2026-07-16T13:08:58.640503+00:00,v9.0.0,EVIDENCE_GRAPH_RESEARCH_SAMPLE_READY,21,18,36,27,RESEARCH_SAMPLE_READY,EVIDENCE_SOURCE:FEDERAL_RESERVE_PRESS -> NARRATIVE:NO_NARRATIVE_NEUTRAL_NO_THEME -> ROOT_CAUSE:MACRO_POLICY_PRESSURE_BEARISH -> DECISION_CONTEXT:NEUTRAL_0_SCORE_30_39 -> OUTCOME:ROOT_CAUSE_HIT_24H,3,100.0,2.5841,MACRO_POLICY_PRESSURE,EVIDENCE_WEIGHT_CAN_BE_REVIEWED_UP
evidence_graph_20260716_130913,2026-07-16T13:09:13.207770+00:00,v9.0.0,EVIDENCE_GRAPH_RESEARCH_SAMPLE_READY,21,18,36,27,RESEARCH_SAMPLE_READY,EVIDENCE_SOURCE:FEDERAL_RESERVE_PRESS -> NARRATIVE:NO_NARRATIVE_NEUTRAL_NO_THEME -> ROOT_CAUSE:MACRO_POLICY_PRESSURE_BEARISH -> DECISION_CONTEXT:NEUTRAL_0_SCORE_30_39 -> OUTCOME:ROOT_CAUSE_HIT_24H,3,100.0,2.5841,MACRO_POLICY_PRESSURE,EVIDENCE_WEIGHT_CAN_BE_REVIEWED_UP
evidence_graph_20260716_130924,2026-07-16T13:09:24.930747+00:00,v9.0.0,EVIDENCE_GRAPH_RESEARCH_SAMPLE_READY,21,18,36,27,RESEARCH_SAMPLE_READY,EVIDENCE_SOURCE:FEDERAL_RESERVE_PRESS -> NARRATIVE:NO_NARRATIVE_NEUTRAL_NO_THEME -> ROOT_CAUSE:MACRO_POLICY_PRESSURE_BEARISH -> DECISION_CONTEXT:NEUTRAL_0_SCORE_30_39 -> OUTCOME:ROOT_CAUSE_HIT_24H,3,100.0,2.5841,MACRO_POLICY_PRESSURE,EVIDENCE_WEIGHT_CAN_BE_REVIEWED_UP
evidence_graph_20260716_195325,2026-07-16T19:53:25.281450+00:00,v9.0.0,EVIDENCE_GRAPH_RESEARCH_SAMPLE_READY,21,18,36,27,RESEARCH_SAMPLE_READY,EVIDENCE_SOURCE:FEDERAL_RESERVE_PRESS -> NARRATIVE:NO_NARRATIVE_NEUTRAL_NO_THEME -> ROOT_CAUSE:MACRO_POLICY_PRESSURE_BEARISH -> DECISION_CONTEXT:NEUTRAL_0_SCORE_30_39 -> OUTCOME:ROOT_CAUSE_HIT_24H,3,100.0,2.5841,MACRO_POLICY_PRESSURE,EVIDENCE_WEIGHT_CAN_BE_REVIEWED_UP
evidence_graph_20260716_195329,2026-07-16T19:53:29.111700+00:00,v9.0.0,EVIDENCE_GRAPH_RESEARCH_SAMPLE_READY,21,18,36,27,RESEARCH_SAMPLE_READY,EVIDENCE_SOURCE:FEDERAL_RESERVE_PRESS -> NARRATIVE:NO_NARRATIVE_NEUTRAL_NO_THEME -> ROOT_CAUSE:MACRO_POLICY_PRESSURE_BEARISH -> DECISION_CONTEXT:NEUTRAL_0_SCORE_30_39 -> OUTCOME:ROOT_CAUSE_HIT_24H,3,100.0,2.5841,MACRO_POLICY_PRESSURE,EVIDENCE_WEIGHT_CAN_BE_REVIEWED_UP
evidence_graph_20260716_195343,2026-07-16T19:53:43.651356+00:00,v9.0.0,EVIDENCE_GRAPH_RESEARCH_SAMPLE_READY,21,18,36,27,RESEARCH_SAMPLE_READY,EVIDENCE_SOURCE:FEDERAL_RESERVE_PRESS -> NARRATIVE:NO_NARRATIVE_NEUTRAL_NO_THEME -> ROOT_CAUSE:MACRO_POLICY_PRESSURE_BEARISH -> DECISION_CONTEXT:NEUTRAL_0_SCORE_30_39 -> OUTCOME:ROOT_CAUSE_HIT_24H,3,100.0,2.5841,MACRO_POLICY_PRESSURE,EVIDENCE_WEIGHT_CAN_BE_REVIEWED_UP
evidence_graph_20260716_195355,2026-07-16T19:53:55.473340+00:00,v9.0.0,EVIDENCE_GRAPH_RESEARCH_SAMPLE_READY,21,18,36,27,RESEARCH_SAMPLE_READY,EVIDENCE_SOURCE:FEDERAL_RESERVE_PRESS -> NARRATIVE:NO_NARRATIVE_NEUTRAL_NO_THEME -> ROOT_CAUSE:MACRO_POLICY_PRESSURE_BEARISH -> DECISION_CONTEXT:NEUTRAL_0_SCORE_30_39 -> OUTCOME:ROOT_CAUSE_HIT_24H,3,100.0,2.5841,MACRO_POLICY_PRESSURE,EVIDENCE_WEIGHT_CAN_BE_REVIEWED_UP
