run_id,generated_utc,version,status,evaluation_rows,complete_rows,root_cause_rows,evaluated_cells,unique_root_causes,validation_status,top_cause,top_direction,top_cells,top_hit_rate_24h,top_avg_signed_return_24h_pct,top_maturity,more_decisions_for_research
root_cause_samples_20260710_112914,2026-07-10T11:29:14.568793+00:00,v8.2.0,NO_ROOT_CAUSE_SAMPLES_YET,51,49,0,0,0,NO_ROOT_CAUSE_ROWS_EVALUATED,,,,,,,10
root_cause_samples_20260710_112918,2026-07-10T11:29:18.686721+00:00,v8.2.0,NO_ROOT_CAUSE_SAMPLES_YET,51,49,0,0,0,NO_ROOT_CAUSE_ROWS_EVALUATED,,,,,,,10
root_cause_samples_20260710_112931,2026-07-10T11:29:31.766361+00:00,v8.2.0,NO_ROOT_CAUSE_SAMPLES_YET,51,49,0,0,0,NO_ROOT_CAUSE_ROWS_EVALUATED,,,,,,,10
root_cause_samples_20260710_112944,2026-07-10T11:29:44.451064+00:00,v8.2.0,NO_ROOT_CAUSE_SAMPLES_YET,51,49,0,0,0,NO_ROOT_CAUSE_ROWS_EVALUATED,,,,,,,10
root_cause_samples_20260710_181128,2026-07-10T18:11:28.798173+00:00,v8.2.0,ROOT_CAUSE_SAMPLE_COLLECTION_ACTIVE_LOW_SAMPLE,52,50,1,1,1,ROOT_CAUSE_FORWARD_PROMISING_LOW_SAMPLE,MACRO_POLICY_PRESSURE,BEARISH,1,0.0,0.0,LOW_SAMPLE_ACCUMULATING,10
root_cause_samples_20260710_181132,2026-07-10T18:11:32.715080+00:00,v8.2.0,ROOT_CAUSE_SAMPLE_COLLECTION_ACTIVE_LOW_SAMPLE,52,50,1,1,1,ROOT_CAUSE_FORWARD_PROMISING_LOW_SAMPLE,MACRO_POLICY_PRESSURE,BEARISH,1,0.0,0.0,LOW_SAMPLE_ACCUMULATING,10
root_cause_samples_20260710_181145,2026-07-10T18:11:45.363918+00:00,v8.2.0,ROOT_CAUSE_SAMPLE_COLLECTION_ACTIVE_LOW_SAMPLE,52,50,1,1,1,ROOT_CAUSE_FORWARD_PROMISING_LOW_SAMPLE,MACRO_POLICY_PRESSURE,BEARISH,1,0.0,0.0,LOW_SAMPLE_ACCUMULATING,10
root_cause_samples_20260710_181158,2026-07-10T18:11:58.277626+00:00,v8.2.0,ROOT_CAUSE_SAMPLE_COLLECTION_ACTIVE_LOW_SAMPLE,52,50,1,1,1,ROOT_CAUSE_FORWARD_PROMISING_LOW_SAMPLE,MACRO_POLICY_PRESSURE,BEARISH,1,0.0,0.0,LOW_SAMPLE_ACCUMULATING,10
root_cause_samples_20260710_233818,2026-07-10T23:38:18.954694+00:00,v8.2.0,ROOT_CAUSE_SAMPLE_COLLECTION_ACTIVE_LOW_SAMPLE,53,51,2,3,1,ROOT_CAUSE_FORWARD_PROMISING_LOW_SAMPLE,MACRO_POLICY_PRESSURE,BEARISH,3,0.0,0.0,LOW_SAMPLE_ACCUMULATING,9
root_cause_samples_20260710_233822,2026-07-10T23:38:22.862499+00:00,v8.2.0,ROOT_CAUSE_SAMPLE_COLLECTION_ACTIVE_LOW_SAMPLE,53,51,2,3,1,ROOT_CAUSE_FORWARD_PROMISING_LOW_SAMPLE,MACRO_POLICY_PRESSURE,BEARISH,3,0.0,0.0,LOW_SAMPLE_ACCUMULATING,9
root_cause_samples_20260710_233832,2026-07-10T23:38:32.504271+00:00,v8.2.0,ROOT_CAUSE_SAMPLE_COLLECTION_ACTIVE_LOW_SAMPLE,53,51,2,3,1,ROOT_CAUSE_FORWARD_PROMISING_LOW_SAMPLE,MACRO_POLICY_PRESSURE,BEARISH,3,0.0,0.0,LOW_SAMPLE_ACCUMULATING,9
root_cause_samples_20260710_233844,2026-07-10T23:38:44.758042+00:00,v8.2.0,ROOT_CAUSE_SAMPLE_COLLECTION_ACTIVE_LOW_SAMPLE,53,51,2,3,1,ROOT_CAUSE_FORWARD_PROMISING_LOW_SAMPLE,MACRO_POLICY_PRESSURE,BEARISH,3,0.0,0.0,LOW_SAMPLE_ACCUMULATING,9
root_cause_samples_20260711_072638,2026-07-11T07:26:38.334989+00:00,v8.2.0,ROOT_CAUSE_SAMPLE_COLLECTION_ACTIVE_LOW_SAMPLE,54,51,3,5,1,ROOT_CAUSE_FORWARD_PROMISING_LOW_SAMPLE,MACRO_POLICY_PRESSURE,BEARISH,5,0.0,0.0,LOW_SAMPLE_ACCUMULATING,9
root_cause_samples_20260711_072642,2026-07-11T07:26:42.236489+00:00,v8.2.0,ROOT_CAUSE_SAMPLE_COLLECTION_ACTIVE_LOW_SAMPLE,54,51,3,5,1,ROOT_CAUSE_FORWARD_PROMISING_LOW_SAMPLE,MACRO_POLICY_PRESSURE,BEARISH,5,0.0,0.0,LOW_SAMPLE_ACCUMULATING,9
root_cause_samples_20260711_072653,2026-07-11T07:26:53.146205+00:00,v8.2.0,ROOT_CAUSE_SAMPLE_COLLECTION_ACTIVE_LOW_SAMPLE,54,51,3,5,1,ROOT_CAUSE_FORWARD_PROMISING_LOW_SAMPLE,MACRO_POLICY_PRESSURE,BEARISH,5,0.0,0.0,LOW_SAMPLE_ACCUMULATING,9
root_cause_samples_20260711_072706,2026-07-11T07:27:06.089208+00:00,v8.2.0,ROOT_CAUSE_SAMPLE_COLLECTION_ACTIVE_LOW_SAMPLE,54,51,3,5,1,ROOT_CAUSE_FORWARD_PROMISING_LOW_SAMPLE,MACRO_POLICY_PRESSURE,BEARISH,5,0.0,0.0,LOW_SAMPLE_ACCUMULATING,9
root_cause_samples_20260711_113533,2026-07-11T11:35:33.875654+00:00,v8.2.0,ROOT_CAUSE_SAMPLE_COLLECTION_ACTIVE_LOW_SAMPLE,55,52,4,8,1,ROOT_CAUSE_FORWARD_PROMISING_LOW_SAMPLE,MACRO_POLICY_PRESSURE,BEARISH,8,100.0,0.3409,LOW_SAMPLE_ACCUMULATING,8
root_cause_samples_20260711_113538,2026-07-11T11:35:38.044420+00:00,v8.2.0,ROOT_CAUSE_SAMPLE_COLLECTION_ACTIVE_LOW_SAMPLE,55,52,4,8,1,ROOT_CAUSE_FORWARD_PROMISING_LOW_SAMPLE,MACRO_POLICY_PRESSURE,BEARISH,8,100.0,0.3409,LOW_SAMPLE_ACCUMULATING,8
root_cause_samples_20260711_113548,2026-07-11T11:35:48.155628+00:00,v8.2.0,ROOT_CAUSE_SAMPLE_COLLECTION_ACTIVE_LOW_SAMPLE,55,52,4,8,1,ROOT_CAUSE_FORWARD_PROMISING_LOW_SAMPLE,MACRO_POLICY_PRESSURE,BEARISH,8,100.0,0.3409,LOW_SAMPLE_ACCUMULATING,8
root_cause_samples_20260711_113600,2026-07-11T11:36:00.842673+00:00,v8.2.0,ROOT_CAUSE_SAMPLE_COLLECTION_ACTIVE_LOW_SAMPLE,55,52,4,8,1,ROOT_CAUSE_FORWARD_PROMISING_LOW_SAMPLE,MACRO_POLICY_PRESSURE,BEARISH,8,100.0,0.3409,LOW_SAMPLE_ACCUMULATING,8
root_cause_samples_20260711_153713,2026-07-11T15:37:13.822212+00:00,v8.2.0,ROOT_CAUSE_SAMPLE_COLLECTION_ACTIVE_LOW_SAMPLE,56,52,5,9,1,ROOT_CAUSE_FORWARD_PROMISING_LOW_SAMPLE,MACRO_POLICY_PRESSURE,BEARISH,9,100.0,0.3281,LOW_SAMPLE_ACCUMULATING,7
root_cause_samples_20260711_153717,2026-07-11T15:37:17.813145+00:00,v8.2.0,ROOT_CAUSE_SAMPLE_COLLECTION_ACTIVE_LOW_SAMPLE,56,52,5,9,1,ROOT_CAUSE_FORWARD_PROMISING_LOW_SAMPLE,MACRO_POLICY_PRESSURE,BEARISH,9,100.0,0.3281,LOW_SAMPLE_ACCUMULATING,7
root_cause_samples_20260711_153728,2026-07-11T15:37:28.066756+00:00,v8.2.0,ROOT_CAUSE_SAMPLE_COLLECTION_ACTIVE_LOW_SAMPLE,56,52,5,9,1,ROOT_CAUSE_FORWARD_PROMISING_LOW_SAMPLE,MACRO_POLICY_PRESSURE,BEARISH,9,100.0,0.3281,LOW_SAMPLE_ACCUMULATING,7
root_cause_samples_20260711_153739,2026-07-11T15:37:39.833118+00:00,v8.2.0,ROOT_CAUSE_SAMPLE_COLLECTION_ACTIVE_LOW_SAMPLE,56,52,5,9,1,ROOT_CAUSE_FORWARD_PROMISING_LOW_SAMPLE,MACRO_POLICY_PRESSURE,BEARISH,9,100.0,0.3281,LOW_SAMPLE_ACCUMULATING,7
root_cause_samples_20260711_201100,2026-07-11T20:11:00.699158+00:00,v8.2.0,ROOT_CAUSE_MIN_SAMPLE_READY,57,54,6,14,1,ROOT_CAUSE_FORWARD_MIXED_OR_WEAK,MACRO_POLICY_PRESSURE,BEARISH,14,33.33,-0.1283,MIN_SAMPLE_READY,6
root_cause_samples_20260711_201104,2026-07-11T20:11:04.853320+00:00,v8.2.0,ROOT_CAUSE_MIN_SAMPLE_READY,57,54,6,14,1,ROOT_CAUSE_FORWARD_MIXED_OR_WEAK,MACRO_POLICY_PRESSURE,BEARISH,14,33.33,-0.1283,MIN_SAMPLE_READY,6
root_cause_samples_20260711_201119,2026-07-11T20:11:19.309199+00:00,v8.2.0,ROOT_CAUSE_MIN_SAMPLE_READY,57,54,6,14,1,ROOT_CAUSE_FORWARD_MIXED_OR_WEAK,MACRO_POLICY_PRESSURE,BEARISH,14,33.33,-0.1283,MIN_SAMPLE_READY,6
root_cause_samples_20260711_201131,2026-07-11T20:11:31.213492+00:00,v8.2.0,ROOT_CAUSE_MIN_SAMPLE_READY,57,54,6,14,1,ROOT_CAUSE_FORWARD_MIXED_OR_WEAK,MACRO_POLICY_PRESSURE,BEARISH,14,33.33,-0.1283,MIN_SAMPLE_READY,6
root_cause_samples_20260711_223431,2026-07-11T22:34:31.469896+00:00,v8.2.0,ROOT_CAUSE_MIN_SAMPLE_READY,57,53,6,12,1,ROOT_CAUSE_FORWARD_MIXED_OR_WEAK,MACRO_POLICY_PRESSURE,BEARISH,12,50.0,-0.104,MIN_SAMPLE_READY,6
root_cause_samples_20260711_223435,2026-07-11T22:34:35.578749+00:00,v8.2.0,ROOT_CAUSE_MIN_SAMPLE_READY,57,53,6,12,1,ROOT_CAUSE_FORWARD_MIXED_OR_WEAK,MACRO_POLICY_PRESSURE,BEARISH,12,50.0,-0.104,MIN_SAMPLE_READY,6
root_cause_samples_20260711_223450,2026-07-11T22:34:50.042215+00:00,v8.2.0,ROOT_CAUSE_MIN_SAMPLE_READY,57,53,6,12,1,ROOT_CAUSE_FORWARD_MIXED_OR_WEAK,MACRO_POLICY_PRESSURE,BEARISH,12,50.0,-0.104,MIN_SAMPLE_READY,6
root_cause_samples_20260711_223502,2026-07-11T22:35:02.176542+00:00,v8.2.0,ROOT_CAUSE_MIN_SAMPLE_READY,57,53,6,12,1,ROOT_CAUSE_FORWARD_MIXED_OR_WEAK,MACRO_POLICY_PRESSURE,BEARISH,12,50.0,-0.104,MIN_SAMPLE_READY,6
root_cause_samples_20260712_075300,2026-07-12T07:53:00.730423+00:00,v8.2.0,ROOT_CAUSE_PROMISING_LOW_SAMPLE_TRACKING,59,54,8,17,1,ROOT_CAUSE_FORWARD_PROMISING_LOW_SAMPLE,MACRO_POLICY_PRESSURE,BEARISH,17,66.67,0.1222,MIN_SAMPLE_READY,5
root_cause_samples_20260712_075304,2026-07-12T07:53:05.013120+00:00,v8.2.0,ROOT_CAUSE_PROMISING_LOW_SAMPLE_TRACKING,59,54,8,17,1,ROOT_CAUSE_FORWARD_PROMISING_LOW_SAMPLE,MACRO_POLICY_PRESSURE,BEARISH,17,66.67,0.1222,MIN_SAMPLE_READY,5
root_cause_samples_20260712_075317,2026-07-12T07:53:17.434554+00:00,v8.2.0,ROOT_CAUSE_PROMISING_LOW_SAMPLE_TRACKING,59,54,8,17,1,ROOT_CAUSE_FORWARD_PROMISING_LOW_SAMPLE,MACRO_POLICY_PRESSURE,BEARISH,17,66.67,0.1222,MIN_SAMPLE_READY,5
root_cause_samples_20260712_075329,2026-07-12T07:53:29.485936+00:00,v8.2.0,ROOT_CAUSE_PROMISING_LOW_SAMPLE_TRACKING,59,54,8,17,1,ROOT_CAUSE_FORWARD_PROMISING_LOW_SAMPLE,MACRO_POLICY_PRESSURE,BEARISH,17,66.67,0.1222,MIN_SAMPLE_READY,5
root_cause_samples_20260712_114843,2026-07-12T11:48:43.089283+00:00,v8.2.0,ROOT_CAUSE_PROMISING_LOW_SAMPLE_TRACKING,60,55,9,20,1,ROOT_CAUSE_FORWARD_PROMISING_LOW_SAMPLE,MACRO_POLICY_PRESSURE,BEARISH,20,75.0,0.2223,MIN_SAMPLE_READY,4
root_cause_samples_20260712_114847,2026-07-12T11:48:47.317818+00:00,v8.2.0,ROOT_CAUSE_PROMISING_LOW_SAMPLE_TRACKING,60,55,9,20,1,ROOT_CAUSE_FORWARD_PROMISING_LOW_SAMPLE,MACRO_POLICY_PRESSURE,BEARISH,20,75.0,0.2223,MIN_SAMPLE_READY,4
root_cause_samples_20260712_114858,2026-07-12T11:48:58.244635+00:00,v8.2.0,ROOT_CAUSE_PROMISING_LOW_SAMPLE_TRACKING,60,55,9,20,1,ROOT_CAUSE_FORWARD_PROMISING_LOW_SAMPLE,MACRO_POLICY_PRESSURE,BEARISH,20,75.0,0.2223,MIN_SAMPLE_READY,4
root_cause_samples_20260712_114910,2026-07-12T11:49:10.065132+00:00,v8.2.0,ROOT_CAUSE_PROMISING_LOW_SAMPLE_TRACKING,60,55,9,20,1,ROOT_CAUSE_FORWARD_PROMISING_LOW_SAMPLE,MACRO_POLICY_PRESSURE,BEARISH,20,75.0,0.2223,MIN_SAMPLE_READY,4
root_cause_samples_20260712_154319,2026-07-12T15:43:19.212401+00:00,v8.2.0,ROOT_CAUSE_VALIDATION_RESEARCH_CANDIDATES_FOUND,61,56,10,23,1,ROOT_CAUSE_FORWARD_CANDIDATES_FOUND,MACRO_POLICY_PRESSURE,BEARISH,23,80.0,0.23,MIN_SAMPLE_READY,3
root_cause_samples_20260712_154322,2026-07-12T15:43:22.752488+00:00,v8.2.0,ROOT_CAUSE_VALIDATION_RESEARCH_CANDIDATES_FOUND,61,56,10,23,1,ROOT_CAUSE_FORWARD_CANDIDATES_FOUND,MACRO_POLICY_PRESSURE,BEARISH,23,80.0,0.23,MIN_SAMPLE_READY,3
root_cause_samples_20260712_154333,2026-07-12T15:43:33.473078+00:00,v8.2.0,ROOT_CAUSE_VALIDATION_RESEARCH_CANDIDATES_FOUND,61,56,10,23,1,ROOT_CAUSE_FORWARD_CANDIDATES_FOUND,MACRO_POLICY_PRESSURE,BEARISH,23,80.0,0.23,MIN_SAMPLE_READY,3
root_cause_samples_20260712_154345,2026-07-12T15:43:45.633098+00:00,v8.2.0,ROOT_CAUSE_VALIDATION_RESEARCH_CANDIDATES_FOUND,61,56,10,23,1,ROOT_CAUSE_FORWARD_CANDIDATES_FOUND,MACRO_POLICY_PRESSURE,BEARISH,23,80.0,0.23,MIN_SAMPLE_READY,3
root_cause_samples_20260712_201030,2026-07-12T20:10:30.615465+00:00,v8.2.0,ROOT_CAUSE_VALIDATION_RESEARCH_CANDIDATES_FOUND,62,58,11,28,1,ROOT_CAUSE_FORWARD_CANDIDATES_FOUND,MACRO_POLICY_PRESSURE,BEARISH,28,85.71,0.232,MIN_SAMPLE_READY,1
root_cause_samples_20260712_201034,2026-07-12T20:10:34.689570+00:00,v8.2.0,ROOT_CAUSE_VALIDATION_RESEARCH_CANDIDATES_FOUND,62,58,11,28,1,ROOT_CAUSE_FORWARD_CANDIDATES_FOUND,MACRO_POLICY_PRESSURE,BEARISH,28,85.71,0.232,MIN_SAMPLE_READY,1
root_cause_samples_20260712_201045,2026-07-12T20:10:45.214422+00:00,v8.2.0,ROOT_CAUSE_VALIDATION_RESEARCH_CANDIDATES_FOUND,62,58,11,28,1,ROOT_CAUSE_FORWARD_CANDIDATES_FOUND,MACRO_POLICY_PRESSURE,BEARISH,28,85.71,0.232,MIN_SAMPLE_READY,1
root_cause_samples_20260712_201057,2026-07-12T20:10:57.378702+00:00,v8.2.0,ROOT_CAUSE_VALIDATION_RESEARCH_CANDIDATES_FOUND,62,58,11,28,1,ROOT_CAUSE_FORWARD_CANDIDATES_FOUND,MACRO_POLICY_PRESSURE,BEARISH,28,85.71,0.232,MIN_SAMPLE_READY,1
root_cause_samples_20260712_231422,2026-07-12T23:14:22.919881+00:00,v8.2.0,ROOT_CAUSE_VALIDATION_RESEARCH_CANDIDATES_FOUND,62,58,11,28,1,ROOT_CAUSE_FORWARD_CANDIDATES_FOUND,MACRO_POLICY_PRESSURE,BEARISH,28,85.71,0.232,MIN_SAMPLE_READY,1
root_cause_samples_20260712_231426,2026-07-12T23:14:26.933189+00:00,v8.2.0,ROOT_CAUSE_VALIDATION_RESEARCH_CANDIDATES_FOUND,62,58,11,28,1,ROOT_CAUSE_FORWARD_CANDIDATES_FOUND,MACRO_POLICY_PRESSURE,BEARISH,28,85.71,0.232,MIN_SAMPLE_READY,1
root_cause_samples_20260712_231437,2026-07-12T23:14:37.575036+00:00,v8.2.0,ROOT_CAUSE_VALIDATION_RESEARCH_CANDIDATES_FOUND,62,58,11,28,1,ROOT_CAUSE_FORWARD_CANDIDATES_FOUND,MACRO_POLICY_PRESSURE,BEARISH,28,85.71,0.232,MIN_SAMPLE_READY,1
root_cause_samples_20260712_231449,2026-07-12T23:14:49.859425+00:00,v8.2.0,ROOT_CAUSE_VALIDATION_RESEARCH_CANDIDATES_FOUND,62,58,11,28,1,ROOT_CAUSE_FORWARD_CANDIDATES_FOUND,MACRO_POLICY_PRESSURE,BEARISH,28,85.71,0.232,MIN_SAMPLE_READY,1
root_cause_samples_20260713_114553,2026-07-13T11:45:53.342817+00:00,v8.2.0,ROOT_CAUSE_VALIDATION_RESEARCH_CANDIDATES_FOUND,64,61,13,36,1,ROOT_CAUSE_FORWARD_CANDIDATES_FOUND,MACRO_POLICY_PRESSURE,BEARISH,36,90.0,0.6028,RESEARCH_SAMPLE_READY,0
root_cause_samples_20260713_114557,2026-07-13T11:45:57.511172+00:00,v8.2.0,ROOT_CAUSE_VALIDATION_RESEARCH_CANDIDATES_FOUND,64,61,13,36,1,ROOT_CAUSE_FORWARD_CANDIDATES_FOUND,MACRO_POLICY_PRESSURE,BEARISH,36,90.0,0.6028,RESEARCH_SAMPLE_READY,0
root_cause_samples_20260713_114611,2026-07-13T11:46:11.717718+00:00,v8.2.0,ROOT_CAUSE_VALIDATION_RESEARCH_CANDIDATES_FOUND,64,61,13,36,1,ROOT_CAUSE_FORWARD_CANDIDATES_FOUND,MACRO_POLICY_PRESSURE,BEARISH,36,90.0,0.6028,RESEARCH_SAMPLE_READY,0
root_cause_samples_20260713_114623,2026-07-13T11:46:23.304448+00:00,v8.2.0,ROOT_CAUSE_VALIDATION_RESEARCH_CANDIDATES_FOUND,64,61,13,36,1,ROOT_CAUSE_FORWARD_CANDIDATES_FOUND,MACRO_POLICY_PRESSURE,BEARISH,36,90.0,0.6028,RESEARCH_SAMPLE_READY,0
root_cause_samples_20260713_182316,2026-07-13T18:23:16.767866+00:00,v8.2.0,ROOT_CAUSE_VALIDATION_RESEARCH_CANDIDATES_FOUND,65,62,14,38,1,ROOT_CAUSE_FORWARD_CANDIDATES_FOUND,MACRO_POLICY_PRESSURE,BEARISH,38,90.91,0.7056,RESEARCH_SAMPLE_READY,0
root_cause_samples_20260713_182320,2026-07-13T18:23:20.365128+00:00,v8.2.0,ROOT_CAUSE_VALIDATION_RESEARCH_CANDIDATES_FOUND,65,62,14,38,1,ROOT_CAUSE_FORWARD_CANDIDATES_FOUND,MACRO_POLICY_PRESSURE,BEARISH,38,90.91,0.7056,RESEARCH_SAMPLE_READY,0
root_cause_samples_20260713_182334,2026-07-13T18:23:34.267937+00:00,v8.2.0,ROOT_CAUSE_VALIDATION_RESEARCH_CANDIDATES_FOUND,65,62,14,38,1,ROOT_CAUSE_FORWARD_CANDIDATES_FOUND,MACRO_POLICY_PRESSURE,BEARISH,38,90.91,0.7056,RESEARCH_SAMPLE_READY,0
root_cause_samples_20260713_182345,2026-07-13T18:23:45.950627+00:00,v8.2.0,ROOT_CAUSE_VALIDATION_RESEARCH_CANDIDATES_FOUND,65,62,14,38,1,ROOT_CAUSE_FORWARD_CANDIDATES_FOUND,MACRO_POLICY_PRESSURE,BEARISH,38,90.91,0.7056,RESEARCH_SAMPLE_READY,0
root_cause_samples_20260713_233115,2026-07-13T23:31:15.169121+00:00,v8.2.0,ROOT_CAUSE_VALIDATION_RESEARCH_CANDIDATES_FOUND,66,64,15,42,1,ROOT_CAUSE_FORWARD_CANDIDATES_FOUND,MACRO_POLICY_PRESSURE,BEARISH,42,92.31,1.06,RESEARCH_SAMPLE_READY,0
root_cause_samples_20260713_233119,2026-07-13T23:31:19.574997+00:00,v8.2.0,ROOT_CAUSE_VALIDATION_RESEARCH_CANDIDATES_FOUND,66,64,15,42,1,ROOT_CAUSE_FORWARD_CANDIDATES_FOUND,MACRO_POLICY_PRESSURE,BEARISH,42,92.31,1.06,RESEARCH_SAMPLE_READY,0
root_cause_samples_20260713_233134,2026-07-13T23:31:34.841416+00:00,v8.2.0,ROOT_CAUSE_VALIDATION_RESEARCH_CANDIDATES_FOUND,66,64,15,42,1,ROOT_CAUSE_FORWARD_CANDIDATES_FOUND,MACRO_POLICY_PRESSURE,BEARISH,42,92.31,1.06,RESEARCH_SAMPLE_READY,0
root_cause_samples_20260713_233146,2026-07-13T23:31:46.195891+00:00,v8.2.0,ROOT_CAUSE_VALIDATION_RESEARCH_CANDIDATES_FOUND,66,64,15,42,1,ROOT_CAUSE_FORWARD_CANDIDATES_FOUND,MACRO_POLICY_PRESSURE,BEARISH,42,92.31,1.06,RESEARCH_SAMPLE_READY,0
root_cause_samples_20260714_072745,2026-07-14T07:27:45.989429+00:00,v8.2.0,ROOT_CAUSE_VALIDATION_RESEARCH_CANDIDATES_FOUND,67,64,16,44,1,ROOT_CAUSE_FORWARD_CANDIDATES_FOUND,MACRO_POLICY_PRESSURE,BEARISH,44,92.31,1.06,RESEARCH_SAMPLE_READY,0
root_cause_samples_20260714_072750,2026-07-14T07:27:50.184716+00:00,v8.2.0,ROOT_CAUSE_VALIDATION_RESEARCH_CANDIDATES_FOUND,67,64,16,44,1,ROOT_CAUSE_FORWARD_CANDIDATES_FOUND,MACRO_POLICY_PRESSURE,BEARISH,44,92.31,1.06,RESEARCH_SAMPLE_READY,0
root_cause_samples_20260714_072800,2026-07-14T07:28:00.650633+00:00,v8.2.0,ROOT_CAUSE_VALIDATION_RESEARCH_CANDIDATES_FOUND,67,64,16,44,1,ROOT_CAUSE_FORWARD_CANDIDATES_FOUND,MACRO_POLICY_PRESSURE,BEARISH,44,92.31,1.06,RESEARCH_SAMPLE_READY,0
root_cause_samples_20260714_072812,2026-07-14T07:28:12.072037+00:00,v8.2.0,ROOT_CAUSE_VALIDATION_RESEARCH_CANDIDATES_FOUND,67,64,16,44,1,ROOT_CAUSE_FORWARD_CANDIDATES_FOUND,MACRO_POLICY_PRESSURE,BEARISH,44,92.31,1.06,RESEARCH_SAMPLE_READY,0
root_cause_samples_20260714_125228,2026-07-14T12:52:28.516000+00:00,v8.2.0,ROOT_CAUSE_VALIDATION_RESEARCH_CANDIDATES_FOUND,68,65,17,47,1,ROOT_CAUSE_FORWARD_CANDIDATES_FOUND,MACRO_POLICY_PRESSURE,BEARISH,47,92.86,1.0338,RESEARCH_SAMPLE_READY,0
root_cause_samples_20260714_125232,2026-07-14T12:52:32.301001+00:00,v8.2.0,ROOT_CAUSE_VALIDATION_RESEARCH_CANDIDATES_FOUND,68,65,17,47,1,ROOT_CAUSE_FORWARD_CANDIDATES_FOUND,MACRO_POLICY_PRESSURE,BEARISH,47,92.86,1.0338,RESEARCH_SAMPLE_READY,0
root_cause_samples_20260714_125243,2026-07-14T12:52:43.580117+00:00,v8.2.0,ROOT_CAUSE_VALIDATION_RESEARCH_CANDIDATES_FOUND,68,65,17,47,1,ROOT_CAUSE_FORWARD_CANDIDATES_FOUND,MACRO_POLICY_PRESSURE,BEARISH,47,92.86,1.0338,RESEARCH_SAMPLE_READY,0
root_cause_samples_20260714_125254,2026-07-14T12:52:55.003941+00:00,v8.2.0,ROOT_CAUSE_VALIDATION_RESEARCH_CANDIDATES_FOUND,68,65,17,47,1,ROOT_CAUSE_FORWARD_CANDIDATES_FOUND,MACRO_POLICY_PRESSURE,BEARISH,47,92.86,1.0338,RESEARCH_SAMPLE_READY,0
root_cause_samples_20260714_203509,2026-07-14T20:35:09.649229+00:00,v8.2.0,ROOT_CAUSE_VALIDATION_RESEARCH_CANDIDATES_FOUND,69,67,18,51,1,ROOT_CAUSE_FORWARD_CANDIDATES_FOUND,MACRO_POLICY_PRESSURE,BEARISH,51,81.25,0.4643,RESEARCH_SAMPLE_READY,0
root_cause_samples_20260714_203512,2026-07-14T20:35:12.818777+00:00,v8.2.0,ROOT_CAUSE_VALIDATION_RESEARCH_CANDIDATES_FOUND,69,67,18,51,1,ROOT_CAUSE_FORWARD_CANDIDATES_FOUND,MACRO_POLICY_PRESSURE,BEARISH,51,81.25,0.4643,RESEARCH_SAMPLE_READY,0
root_cause_samples_20260714_203525,2026-07-14T20:35:25.874381+00:00,v8.2.0,ROOT_CAUSE_VALIDATION_RESEARCH_CANDIDATES_FOUND,69,67,18,51,1,ROOT_CAUSE_FORWARD_CANDIDATES_FOUND,MACRO_POLICY_PRESSURE,BEARISH,51,81.25,0.4643,RESEARCH_SAMPLE_READY,0
root_cause_samples_20260714_203538,2026-07-14T20:35:38.763644+00:00,v8.2.0,ROOT_CAUSE_VALIDATION_RESEARCH_CANDIDATES_FOUND,69,67,18,51,1,ROOT_CAUSE_FORWARD_CANDIDATES_FOUND,MACRO_POLICY_PRESSURE,BEARISH,51,81.25,0.4643,RESEARCH_SAMPLE_READY,0
root_cause_samples_20260715_073229,2026-07-15T07:32:29.731813+00:00,v8.2.0,ROOT_CAUSE_VALIDATION_RESEARCH_CANDIDATES_FOUND,70,68,19,54,1,ROOT_CAUSE_FORWARD_CANDIDATES_FOUND,MACRO_POLICY_PRESSURE,BEARISH,54,76.47,0.2284,RESEARCH_SAMPLE_READY,0
root_cause_samples_20260715_073233,2026-07-15T07:32:33.558011+00:00,v8.2.0,ROOT_CAUSE_VALIDATION_RESEARCH_CANDIDATES_FOUND,70,68,19,54,1,ROOT_CAUSE_FORWARD_CANDIDATES_FOUND,MACRO_POLICY_PRESSURE,BEARISH,54,76.47,0.2284,RESEARCH_SAMPLE_READY,0
root_cause_samples_20260715_073248,2026-07-15T07:32:48.557608+00:00,v8.2.0,ROOT_CAUSE_VALIDATION_RESEARCH_CANDIDATES_FOUND,70,68,19,54,1,ROOT_CAUSE_FORWARD_CANDIDATES_FOUND,MACRO_POLICY_PRESSURE,BEARISH,54,76.47,0.2284,RESEARCH_SAMPLE_READY,0
root_cause_samples_20260715_073300,2026-07-15T07:33:00.451109+00:00,v8.2.0,ROOT_CAUSE_VALIDATION_RESEARCH_CANDIDATES_FOUND,70,68,19,54,1,ROOT_CAUSE_FORWARD_CANDIDATES_FOUND,MACRO_POLICY_PRESSURE,BEARISH,54,76.47,0.2284,RESEARCH_SAMPLE_READY,0
root_cause_samples_20260715_125839,2026-07-15T12:58:39.100554+00:00,v8.2.0,ROOT_CAUSE_VALIDATION_RESEARCH_CANDIDATES_FOUND,71,69,20,57,1,ROOT_CAUSE_FORWARD_CANDIDATES_FOUND,MACRO_POLICY_PRESSURE,BEARISH,57,72.22,0.0489,RESEARCH_SAMPLE_READY,0
root_cause_samples_20260715_125843,2026-07-15T12:58:43.286006+00:00,v8.2.0,ROOT_CAUSE_VALIDATION_RESEARCH_CANDIDATES_FOUND,71,69,20,57,1,ROOT_CAUSE_FORWARD_CANDIDATES_FOUND,MACRO_POLICY_PRESSURE,BEARISH,57,72.22,0.0489,RESEARCH_SAMPLE_READY,0
root_cause_samples_20260715_125857,2026-07-15T12:58:57.652838+00:00,v8.2.0,ROOT_CAUSE_VALIDATION_RESEARCH_CANDIDATES_FOUND,71,69,20,57,1,ROOT_CAUSE_FORWARD_CANDIDATES_FOUND,MACRO_POLICY_PRESSURE,BEARISH,57,72.22,0.0489,RESEARCH_SAMPLE_READY,0
root_cause_samples_20260715_125909,2026-07-15T12:59:09.044562+00:00,v8.2.0,ROOT_CAUSE_VALIDATION_RESEARCH_CANDIDATES_FOUND,71,69,20,57,1,ROOT_CAUSE_FORWARD_CANDIDATES_FOUND,MACRO_POLICY_PRESSURE,BEARISH,57,72.22,0.0489,RESEARCH_SAMPLE_READY,0
root_cause_samples_20260715_201921,2026-07-15T20:19:21.671871+00:00,v8.2.0,ROOT_CAUSE_RESEARCH_SAMPLE_READY,72,70,21,60,1,ROOT_CAUSE_FORWARD_MIXED_OR_WEAK,MACRO_POLICY_PRESSURE,BEARISH,60,68.42,0.0129,RESEARCH_SAMPLE_READY,0
root_cause_samples_20260715_201925,2026-07-15T20:19:25.754977+00:00,v8.2.0,ROOT_CAUSE_RESEARCH_SAMPLE_READY,72,70,21,60,1,ROOT_CAUSE_FORWARD_MIXED_OR_WEAK,MACRO_POLICY_PRESSURE,BEARISH,60,68.42,0.0129,RESEARCH_SAMPLE_READY,0
root_cause_samples_20260715_201940,2026-07-15T20:19:40.662998+00:00,v8.2.0,ROOT_CAUSE_RESEARCH_SAMPLE_READY,72,70,21,60,1,ROOT_CAUSE_FORWARD_MIXED_OR_WEAK,MACRO_POLICY_PRESSURE,BEARISH,60,68.42,0.0129,RESEARCH_SAMPLE_READY,0
root_cause_samples_20260715_201951,2026-07-15T20:19:52.007841+00:00,v8.2.0,ROOT_CAUSE_RESEARCH_SAMPLE_READY,72,70,21,60,1,ROOT_CAUSE_FORWARD_MIXED_OR_WEAK,MACRO_POLICY_PRESSURE,BEARISH,60,68.42,0.0129,RESEARCH_SAMPLE_READY,0
root_cause_samples_20260716_074951,2026-07-16T07:49:51.470282+00:00,v8.2.0,ROOT_CAUSE_RESEARCH_SAMPLE_READY,73,71,22,63,1,ROOT_CAUSE_FORWARD_MIXED_OR_WEAK,MACRO_POLICY_PRESSURE,BEARISH,63,70.0,0.0257,RESEARCH_SAMPLE_READY,0
root_cause_samples_20260716_074955,2026-07-16T07:49:55.303851+00:00,v8.2.0,ROOT_CAUSE_RESEARCH_SAMPLE_READY,73,71,22,63,1,ROOT_CAUSE_FORWARD_MIXED_OR_WEAK,MACRO_POLICY_PRESSURE,BEARISH,63,70.0,0.0257,RESEARCH_SAMPLE_READY,0
root_cause_samples_20260716_075006,2026-07-16T07:50:06.452477+00:00,v8.2.0,ROOT_CAUSE_RESEARCH_SAMPLE_READY,73,71,22,63,1,ROOT_CAUSE_FORWARD_MIXED_OR_WEAK,MACRO_POLICY_PRESSURE,BEARISH,63,70.0,0.0257,RESEARCH_SAMPLE_READY,0
root_cause_samples_20260716_075017,2026-07-16T07:50:17.999310+00:00,v8.2.0,ROOT_CAUSE_RESEARCH_SAMPLE_READY,73,71,22,63,1,ROOT_CAUSE_FORWARD_MIXED_OR_WEAK,MACRO_POLICY_PRESSURE,BEARISH,63,70.0,0.0257,RESEARCH_SAMPLE_READY,0
root_cause_samples_20260716_130854,2026-07-16T13:08:54.795399+00:00,v8.2.0,ROOT_CAUSE_VALIDATION_RESEARCH_CANDIDATES_FOUND,74,72,23,66,1,ROOT_CAUSE_FORWARD_CANDIDATES_FOUND,MACRO_POLICY_PRESSURE,BEARISH,66,71.43,0.0597,RESEARCH_SAMPLE_READY,0
root_cause_samples_20260716_130858,2026-07-16T13:08:58.628036+00:00,v8.2.0,ROOT_CAUSE_VALIDATION_RESEARCH_CANDIDATES_FOUND,74,72,23,66,1,ROOT_CAUSE_FORWARD_CANDIDATES_FOUND,MACRO_POLICY_PRESSURE,BEARISH,66,71.43,0.0597,RESEARCH_SAMPLE_READY,0
root_cause_samples_20260716_130913,2026-07-16T13:09:13.195433+00:00,v8.2.0,ROOT_CAUSE_VALIDATION_RESEARCH_CANDIDATES_FOUND,74,72,23,66,1,ROOT_CAUSE_FORWARD_CANDIDATES_FOUND,MACRO_POLICY_PRESSURE,BEARISH,66,71.43,0.0597,RESEARCH_SAMPLE_READY,0
root_cause_samples_20260716_130924,2026-07-16T13:09:24.555791+00:00,v8.2.0,ROOT_CAUSE_VALIDATION_RESEARCH_CANDIDATES_FOUND,74,72,23,66,1,ROOT_CAUSE_FORWARD_CANDIDATES_FOUND,MACRO_POLICY_PRESSURE,BEARISH,66,71.43,0.0597,RESEARCH_SAMPLE_READY,0
root_cause_samples_20260716_195324,2026-07-16T19:53:24.893679+00:00,v8.2.0,ROOT_CAUSE_VALIDATION_RESEARCH_CANDIDATES_FOUND,75,72,24,68,1,ROOT_CAUSE_FORWARD_CANDIDATES_FOUND,MACRO_POLICY_PRESSURE,BEARISH,68,71.43,0.0597,RESEARCH_SAMPLE_READY,0
root_cause_samples_20260716_195329,2026-07-16T19:53:29.098258+00:00,v8.2.0,ROOT_CAUSE_VALIDATION_RESEARCH_CANDIDATES_FOUND,75,72,24,68,1,ROOT_CAUSE_FORWARD_CANDIDATES_FOUND,MACRO_POLICY_PRESSURE,BEARISH,68,71.43,0.0597,RESEARCH_SAMPLE_READY,0
root_cause_samples_20260716_195343,2026-07-16T19:53:43.638583+00:00,v8.2.0,ROOT_CAUSE_VALIDATION_RESEARCH_CANDIDATES_FOUND,75,72,24,68,1,ROOT_CAUSE_FORWARD_CANDIDATES_FOUND,MACRO_POLICY_PRESSURE,BEARISH,68,71.43,0.0597,RESEARCH_SAMPLE_READY,0
root_cause_samples_20260716_195355,2026-07-16T19:53:55.079136+00:00,v8.2.0,ROOT_CAUSE_VALIDATION_RESEARCH_CANDIDATES_FOUND,75,72,24,68,1,ROOT_CAUSE_FORWARD_CANDIDATES_FOUND,MACRO_POLICY_PRESSURE,BEARISH,68,71.43,0.0597,RESEARCH_SAMPLE_READY,0
root_cause_samples_20260716_233348,2026-07-16T23:33:48.715416+00:00,v8.2.0,ROOT_CAUSE_VALIDATION_RESEARCH_CANDIDATES_FOUND,76,73,25,70,1,ROOT_CAUSE_FORWARD_CANDIDATES_FOUND,MACRO_POLICY_PRESSURE,BEARISH,70,72.73,0.1062,RESEARCH_SAMPLE_READY,0
root_cause_samples_20260716_233352,2026-07-16T23:33:52.487604+00:00,v8.2.0,ROOT_CAUSE_VALIDATION_RESEARCH_CANDIDATES_FOUND,76,73,25,70,1,ROOT_CAUSE_FORWARD_CANDIDATES_FOUND,MACRO_POLICY_PRESSURE,BEARISH,70,72.73,0.1062,RESEARCH_SAMPLE_READY,0
root_cause_samples_20260716_233403,2026-07-16T23:34:03.426823+00:00,v8.2.0,ROOT_CAUSE_VALIDATION_RESEARCH_CANDIDATES_FOUND,76,73,25,70,1,ROOT_CAUSE_FORWARD_CANDIDATES_FOUND,MACRO_POLICY_PRESSURE,BEARISH,70,72.73,0.1062,RESEARCH_SAMPLE_READY,0
root_cause_samples_20260716_233415,2026-07-16T23:34:15.332721+00:00,v8.2.0,ROOT_CAUSE_VALIDATION_RESEARCH_CANDIDATES_FOUND,76,73,25,70,1,ROOT_CAUSE_FORWARD_CANDIDATES_FOUND,MACRO_POLICY_PRESSURE,BEARISH,70,72.73,0.1062,RESEARCH_SAMPLE_READY,0
root_cause_samples_20260717_073746,2026-07-17T07:37:46.376746+00:00,v8.2.0,ROOT_CAUSE_VALIDATION_RESEARCH_CANDIDATES_FOUND,77,74,26,74,1,ROOT_CAUSE_FORWARD_CANDIDATES_FOUND,MACRO_POLICY_PRESSURE,BEARISH,74,73.91,0.172,RESEARCH_SAMPLE_READY,0
root_cause_samples_20260717_073750,2026-07-17T07:37:51.002851+00:00,v8.2.0,ROOT_CAUSE_VALIDATION_RESEARCH_CANDIDATES_FOUND,77,74,26,74,1,ROOT_CAUSE_FORWARD_CANDIDATES_FOUND,MACRO_POLICY_PRESSURE,BEARISH,74,73.91,0.172,RESEARCH_SAMPLE_READY,0
root_cause_samples_20260717_073803,2026-07-17T07:38:03.208949+00:00,v8.2.0,ROOT_CAUSE_VALIDATION_RESEARCH_CANDIDATES_FOUND,77,74,26,74,1,ROOT_CAUSE_FORWARD_CANDIDATES_FOUND,MACRO_POLICY_PRESSURE,BEARISH,74,73.91,0.172,RESEARCH_SAMPLE_READY,0
root_cause_samples_20260717_073815,2026-07-17T07:38:15.414009+00:00,v8.2.0,ROOT_CAUSE_VALIDATION_RESEARCH_CANDIDATES_FOUND,77,74,26,74,1,ROOT_CAUSE_FORWARD_CANDIDATES_FOUND,MACRO_POLICY_PRESSURE,BEARISH,74,73.91,0.172,RESEARCH_SAMPLE_READY,0
root_cause_samples_20260717_122211,2026-07-17T12:22:11.280627+00:00,v8.2.0,ROOT_CAUSE_VALIDATION_RESEARCH_CANDIDATES_FOUND,78,75,27,77,1,ROOT_CAUSE_FORWARD_CANDIDATES_FOUND,MACRO_POLICY_PRESSURE,BEARISH,77,75.0,0.2269,RESEARCH_SAMPLE_READY,0
root_cause_samples_20260717_122215,2026-07-17T12:22:15.667511+00:00,v8.2.0,ROOT_CAUSE_VALIDATION_RESEARCH_CANDIDATES_FOUND,78,75,27,77,1,ROOT_CAUSE_FORWARD_CANDIDATES_FOUND,MACRO_POLICY_PRESSURE,BEARISH,77,75.0,0.2269,RESEARCH_SAMPLE_READY,0
root_cause_samples_20260717_122226,2026-07-17T12:22:26.996769+00:00,v8.2.0,ROOT_CAUSE_VALIDATION_RESEARCH_CANDIDATES_FOUND,78,75,27,77,1,ROOT_CAUSE_FORWARD_CANDIDATES_FOUND,MACRO_POLICY_PRESSURE,BEARISH,77,75.0,0.2269,RESEARCH_SAMPLE_READY,0
root_cause_samples_20260717_122239,2026-07-17T12:22:39.410308+00:00,v8.2.0,ROOT_CAUSE_VALIDATION_RESEARCH_CANDIDATES_FOUND,78,75,27,77,1,ROOT_CAUSE_FORWARD_CANDIDATES_FOUND,MACRO_POLICY_PRESSURE,BEARISH,77,75.0,0.2269,RESEARCH_SAMPLE_READY,0
root_cause_samples_20260717_201435,2026-07-17T20:14:35.869904+00:00,v8.2.0,ROOT_CAUSE_VALIDATION_RESEARCH_CANDIDATES_FOUND,79,77,28,81,1,ROOT_CAUSE_FORWARD_CANDIDATES_FOUND,MACRO_POLICY_PRESSURE,BEARISH,81,76.92,0.2897,RESEARCH_SAMPLE_READY,0
root_cause_samples_20260717_201439,2026-07-17T20:14:39.749468+00:00,v8.2.0,ROOT_CAUSE_VALIDATION_RESEARCH_CANDIDATES_FOUND,79,77,28,81,1,ROOT_CAUSE_FORWARD_CANDIDATES_FOUND,MACRO_POLICY_PRESSURE,BEARISH,81,76.92,0.2897,RESEARCH_SAMPLE_READY,0
root_cause_samples_20260717_201451,2026-07-17T20:14:51.627107+00:00,v8.2.0,ROOT_CAUSE_VALIDATION_RESEARCH_CANDIDATES_FOUND,79,77,28,81,1,ROOT_CAUSE_FORWARD_CANDIDATES_FOUND,MACRO_POLICY_PRESSURE,BEARISH,81,76.92,0.2897,RESEARCH_SAMPLE_READY,0
root_cause_samples_20260717_201502,2026-07-17T20:15:02.602676+00:00,v8.2.0,ROOT_CAUSE_VALIDATION_RESEARCH_CANDIDATES_FOUND,79,77,28,81,1,ROOT_CAUSE_FORWARD_CANDIDATES_FOUND,MACRO_POLICY_PRESSURE,BEARISH,81,76.92,0.2897,RESEARCH_SAMPLE_READY,0
root_cause_samples_20260717_231334,2026-07-17T23:13:34.738578+00:00,v8.2.0,ROOT_CAUSE_VALIDATION_RESEARCH_CANDIDATES_FOUND,79,77,28,81,1,ROOT_CAUSE_FORWARD_CANDIDATES_FOUND,MACRO_POLICY_PRESSURE,BEARISH,81,76.92,0.2897,RESEARCH_SAMPLE_READY,0
root_cause_samples_20260717_231338,2026-07-17T23:13:38.441241+00:00,v8.2.0,ROOT_CAUSE_VALIDATION_RESEARCH_CANDIDATES_FOUND,79,77,28,81,1,ROOT_CAUSE_FORWARD_CANDIDATES_FOUND,MACRO_POLICY_PRESSURE,BEARISH,81,76.92,0.2897,RESEARCH_SAMPLE_READY,0
root_cause_samples_20260717_231353,2026-07-17T23:13:53.460676+00:00,v8.2.0,ROOT_CAUSE_VALIDATION_RESEARCH_CANDIDATES_FOUND,79,77,28,81,1,ROOT_CAUSE_FORWARD_CANDIDATES_FOUND,MACRO_POLICY_PRESSURE,BEARISH,81,76.92,0.2897,RESEARCH_SAMPLE_READY,0
root_cause_samples_20260717_231405,2026-07-17T23:14:05.767961+00:00,v8.2.0,ROOT_CAUSE_VALIDATION_RESEARCH_CANDIDATES_FOUND,79,77,28,81,1,ROOT_CAUSE_FORWARD_CANDIDATES_FOUND,MACRO_POLICY_PRESSURE,BEARISH,81,76.92,0.2897,RESEARCH_SAMPLE_READY,0
root_cause_samples_20260718_071340,2026-07-18T07:13:40.167712+00:00,v8.2.0,ROOT_CAUSE_VALIDATION_RESEARCH_CANDIDATES_FOUND,81,78,30,85,1,ROOT_CAUSE_FORWARD_CANDIDATES_FOUND,MACRO_POLICY_PRESSURE,BEARISH,85,74.07,0.2531,RESEARCH_SAMPLE_READY,0
root_cause_samples_20260718_071344,2026-07-18T07:13:44.594583+00:00,v8.2.0,ROOT_CAUSE_VALIDATION_RESEARCH_CANDIDATES_FOUND,81,78,30,85,1,ROOT_CAUSE_FORWARD_CANDIDATES_FOUND,MACRO_POLICY_PRESSURE,BEARISH,85,74.07,0.2531,RESEARCH_SAMPLE_READY,0
root_cause_samples_20260718_071359,2026-07-18T07:13:59.567825+00:00,v8.2.0,ROOT_CAUSE_VALIDATION_RESEARCH_CANDIDATES_FOUND,81,78,30,85,1,ROOT_CAUSE_FORWARD_CANDIDATES_FOUND,MACRO_POLICY_PRESSURE,BEARISH,85,74.07,0.2531,RESEARCH_SAMPLE_READY,0
root_cause_samples_20260718_071412,2026-07-18T07:14:12.459439+00:00,v8.2.0,ROOT_CAUSE_VALIDATION_RESEARCH_CANDIDATES_FOUND,81,78,30,85,1,ROOT_CAUSE_FORWARD_CANDIDATES_FOUND,MACRO_POLICY_PRESSURE,BEARISH,85,74.07,0.2531,RESEARCH_SAMPLE_READY,0
root_cause_samples_20260718_113427,2026-07-18T11:34:27.680101+00:00,v8.2.0,ROOT_CAUSE_VALIDATION_RESEARCH_CANDIDATES_FOUND,82,78,31,88,1,ROOT_CAUSE_FORWARD_CANDIDATES_FOUND,MACRO_POLICY_PRESSURE,BEARISH,88,74.07,0.2531,RESEARCH_SAMPLE_READY,0
root_cause_samples_20260718_113431,2026-07-18T11:34:31.663905+00:00,v8.2.0,ROOT_CAUSE_VALIDATION_RESEARCH_CANDIDATES_FOUND,82,78,31,88,1,ROOT_CAUSE_FORWARD_CANDIDATES_FOUND,MACRO_POLICY_PRESSURE,BEARISH,88,74.07,0.2531,RESEARCH_SAMPLE_READY,0
root_cause_samples_20260718_113442,2026-07-18T11:34:42.847487+00:00,v8.2.0,ROOT_CAUSE_VALIDATION_RESEARCH_CANDIDATES_FOUND,82,78,31,88,1,ROOT_CAUSE_FORWARD_CANDIDATES_FOUND,MACRO_POLICY_PRESSURE,BEARISH,88,74.07,0.2531,RESEARCH_SAMPLE_READY,0
root_cause_samples_20260718_113454,2026-07-18T11:34:54.354918+00:00,v8.2.0,ROOT_CAUSE_VALIDATION_RESEARCH_CANDIDATES_FOUND,82,78,31,88,1,ROOT_CAUSE_FORWARD_CANDIDATES_FOUND,MACRO_POLICY_PRESSURE,BEARISH,88,74.07,0.2531,RESEARCH_SAMPLE_READY,0
root_cause_samples_20260718_153628,2026-07-18T15:36:28.607723+00:00,v8.2.0,ROOT_CAUSE_VALIDATION_RESEARCH_CANDIDATES_FOUND,83,79,32,90,1,ROOT_CAUSE_FORWARD_CANDIDATES_FOUND,MACRO_POLICY_PRESSURE,BEARISH,90,71.43,0.2008,CANDIDATE_SAMPLE_READY,0
root_cause_samples_20260718_153631,2026-07-18T15:36:31.229039+00:00,v8.2.0,ROOT_CAUSE_VALIDATION_RESEARCH_CANDIDATES_FOUND,83,79,32,90,1,ROOT_CAUSE_FORWARD_CANDIDATES_FOUND,MACRO_POLICY_PRESSURE,BEARISH,90,71.43,0.2008,CANDIDATE_SAMPLE_READY,0
root_cause_samples_20260718_153642,2026-07-18T15:36:42.790452+00:00,v8.2.0,ROOT_CAUSE_VALIDATION_RESEARCH_CANDIDATES_FOUND,83,79,32,90,1,ROOT_CAUSE_FORWARD_CANDIDATES_FOUND,MACRO_POLICY_PRESSURE,BEARISH,90,71.43,0.2008,CANDIDATE_SAMPLE_READY,0
root_cause_samples_20260718_153653,2026-07-18T15:36:53.420521+00:00,v8.2.0,ROOT_CAUSE_VALIDATION_RESEARCH_CANDIDATES_FOUND,83,79,32,90,1,ROOT_CAUSE_FORWARD_CANDIDATES_FOUND,MACRO_POLICY_PRESSURE,BEARISH,90,71.43,0.2008,CANDIDATE_SAMPLE_READY,0
root_cause_samples_20260718_200814,2026-07-18T20:08:14.449405+00:00,v8.2.0,ROOT_CAUSE_VALIDATION_RESEARCH_CANDIDATES_FOUND,84,81,33,95,1,ROOT_CAUSE_FORWARD_CANDIDATES_FOUND,MACRO_POLICY_PRESSURE,BEARISH,95,66.67,0.1464,CANDIDATE_SAMPLE_READY,0
root_cause_samples_20260718_200818,2026-07-18T20:08:18.201879+00:00,v8.2.0,ROOT_CAUSE_VALIDATION_RESEARCH_CANDIDATES_FOUND,84,81,33,95,1,ROOT_CAUSE_FORWARD_CANDIDATES_FOUND,MACRO_POLICY_PRESSURE,BEARISH,95,66.67,0.1464,CANDIDATE_SAMPLE_READY,0
root_cause_samples_20260718_200828,2026-07-18T20:08:28.839108+00:00,v8.2.0,ROOT_CAUSE_VALIDATION_RESEARCH_CANDIDATES_FOUND,84,81,33,95,1,ROOT_CAUSE_FORWARD_CANDIDATES_FOUND,MACRO_POLICY_PRESSURE,BEARISH,95,66.67,0.1464,CANDIDATE_SAMPLE_READY,0
root_cause_samples_20260718_200840,2026-07-18T20:08:40.285764+00:00,v8.2.0,ROOT_CAUSE_VALIDATION_RESEARCH_CANDIDATES_FOUND,84,81,33,95,1,ROOT_CAUSE_FORWARD_CANDIDATES_FOUND,MACRO_POLICY_PRESSURE,BEARISH,95,66.67,0.1464,CANDIDATE_SAMPLE_READY,0
root_cause_samples_20260718_231616,2026-07-18T23:16:16.045109+00:00,v8.2.0,ROOT_CAUSE_VALIDATION_RESEARCH_CANDIDATES_FOUND,84,81,33,95,1,ROOT_CAUSE_FORWARD_CANDIDATES_FOUND,MACRO_POLICY_PRESSURE,BEARISH,95,66.67,0.1464,CANDIDATE_SAMPLE_READY,0
root_cause_samples_20260718_231620,2026-07-18T23:16:20.314516+00:00,v8.2.0,ROOT_CAUSE_VALIDATION_RESEARCH_CANDIDATES_FOUND,84,81,33,95,1,ROOT_CAUSE_FORWARD_CANDIDATES_FOUND,MACRO_POLICY_PRESSURE,BEARISH,95,66.67,0.1464,CANDIDATE_SAMPLE_READY,0
root_cause_samples_20260718_231635,2026-07-18T23:16:35.192683+00:00,v8.2.0,ROOT_CAUSE_VALIDATION_RESEARCH_CANDIDATES_FOUND,84,81,33,95,1,ROOT_CAUSE_FORWARD_CANDIDATES_FOUND,MACRO_POLICY_PRESSURE,BEARISH,95,66.67,0.1464,CANDIDATE_SAMPLE_READY,0
root_cause_samples_20260718_231646,2026-07-18T23:16:46.586809+00:00,v8.2.0,ROOT_CAUSE_VALIDATION_RESEARCH_CANDIDATES_FOUND,84,81,33,95,1,ROOT_CAUSE_FORWARD_CANDIDATES_FOUND,MACRO_POLICY_PRESSURE,BEARISH,95,66.67,0.1464,CANDIDATE_SAMPLE_READY,0
root_cause_samples_20260719_075808,2026-07-19T07:58:08.213165+00:00,v8.2.0,ROOT_CAUSE_VALIDATION_RESEARCH_CANDIDATES_FOUND,86,82,35,99,1,ROOT_CAUSE_FORWARD_CANDIDATES_FOUND,MACRO_POLICY_PRESSURE,BEARISH,99,64.52,0.1067,CANDIDATE_SAMPLE_READY,0
root_cause_samples_20260719_075812,2026-07-19T07:58:12.027816+00:00,v8.2.0,ROOT_CAUSE_VALIDATION_RESEARCH_CANDIDATES_FOUND,86,82,35,99,1,ROOT_CAUSE_FORWARD_CANDIDATES_FOUND,MACRO_POLICY_PRESSURE,BEARISH,99,64.52,0.1067,CANDIDATE_SAMPLE_READY,0
root_cause_samples_20260719_075825,2026-07-19T07:58:25.544976+00:00,v8.2.0,ROOT_CAUSE_VALIDATION_RESEARCH_CANDIDATES_FOUND,86,82,35,99,1,ROOT_CAUSE_FORWARD_CANDIDATES_FOUND,MACRO_POLICY_PRESSURE,BEARISH,99,64.52,0.1067,CANDIDATE_SAMPLE_READY,0
root_cause_samples_20260719_075837,2026-07-19T07:58:37.573357+00:00,v8.2.0,ROOT_CAUSE_VALIDATION_RESEARCH_CANDIDATES_FOUND,86,82,35,99,1,ROOT_CAUSE_FORWARD_CANDIDATES_FOUND,MACRO_POLICY_PRESSURE,BEARISH,99,64.52,0.1067,CANDIDATE_SAMPLE_READY,0
